<?xml version="1.0" encoding="utf-8"?>
<objects>
  <products/>
  <images>
    <image>
      <Id>1</Id>
      <IdPrice>1</IdPrice>
      <ImageFile>http://demoshop27.e-stile.ru/images/rus/shopprice/100629134044.png</ImageFile>
      <ImageAlt></ImageAlt>
      <SortIndex>0</SortIndex>
      <IsDefault>1</IsDefault>
    </image>
    <image>
      <Id>2</Id>
      <IdPrice>2</IdPrice>
      <ImageFile>http://demoshop27.e-stile.ru/images/rus/shopprice/100629134014.png</ImageFile>
      <ImageAlt></ImageAlt>
      <SortIndex>0</SortIndex>
      <IsDefault>1</IsDefault>
    </image>
    <image>
      <Id>3</Id>
      <IdPrice>3</IdPrice>
      <ImageFile>http://demoshop27.e-stile.ru/images/rus/shopprice/100629134623.png</ImageFile>
      <ImageAlt></ImageAlt>
      <SortIndex>0</SortIndex>
      <IsDefault>1</IsDefault>
    </image>
    <image>
      <Id>4</Id>
      <IdPrice>5</IdPrice>
      <ImageFile>http://demoshop27.e-stile.ru/images/rus/shopprice/100630235001.png</ImageFile>
      <ImageAlt></ImageAlt>
      <SortIndex>0</SortIndex>
      <IsDefault>1</IsDefault>
    </image>
    <image>
      <Id>5</Id>
      <IdPrice>51</IdPrice>
      <ImageFile>http://demoshop27.e-stile.ru/images/rus/shopprice/100629134949.png</ImageFile>
      <ImageAlt></ImageAlt>
      <SortIndex>0</SortIndex>
      <IsDefault>1</IsDefault>
    </image>
    <image>
      <Id>6</Id>
      <IdPrice>53</IdPrice>
      <ImageFile>http://demoshop27.e-stile.ru/images/rus/shopprice/100630155150.png</ImageFile>
      <ImageAlt></ImageAlt>
      <SortIndex>0</SortIndex>
      <IsDefault>1</IsDefault>
    </image>
    <image>
      <Id>7</Id>
      <IdPrice>54</IdPrice>
      <ImageFile>http://demoshop27.e-stile.ru/images/rus/shopprice/100630155143.png</ImageFile>
      <ImageAlt></ImageAlt>
      <SortIndex>0</SortIndex>
      <IsDefault>1</IsDefault>
    </image>
    <image>
      <Id>8</Id>
      <IdPrice>55</IdPrice>
      <ImageFile>http://demoshop27.e-stile.ru/images/rus/shopprice/100630155124.png</ImageFile>
      <ImageAlt></ImageAlt>
      <SortIndex>0</SortIndex>
      <IsDefault>1</IsDefault>
    </image>
    <image>
      <Id>9</Id>
      <IdPrice>56</IdPrice>
      <ImageFile>http://demoshop27.e-stile.ru/images/rus/shopprice/100630155135.png</ImageFile>
      <ImageAlt></ImageAlt>
      <SortIndex>0</SortIndex>
      <IsDefault>1</IsDefault>
    </image>
    <image>
      <Id>10</Id>
      <IdPrice>65</IdPrice>
      <ImageFile>http://demoshop27.e-stile.ru/images/rus/shopprice/100630155105.png</ImageFile>
      <ImageAlt></ImageAlt>
      <SortIndex>0</SortIndex>
      <IsDefault>1</IsDefault>
    </image>
    <image>
      <Id>11</Id>
      <IdPrice>67</IdPrice>
      <ImageFile>http://demoshop27.e-stile.ru/images/rus/shopprice/100630155116.png</ImageFile>
      <ImageAlt></ImageAlt>
      <SortIndex>0</SortIndex>
      <IsDefault>1</IsDefault>
    </image>
    <image>
      <Id>12</Id>
      <IdPrice>68</IdPrice>
      <ImageFile>http://demoshop27.e-stile.ru/images/rus/shopprice/100629142952.jpg</ImageFile>
      <ImageAlt></ImageAlt>
      <SortIndex>0</SortIndex>
      <IsDefault>1</IsDefault>
    </image>
    <image>
      <Id>13</Id>
      <IdPrice>69</IdPrice>
      <ImageFile>http://demoshop27.e-stile.ru/images/rus/shopprice/100629151514.png</ImageFile>
      <ImageAlt></ImageAlt>
      <SortIndex>0</SortIndex>
      <IsDefault>1</IsDefault>
    </image>
    <image>
      <Id>14</Id>
      <IdPrice>70</IdPrice>
      <ImageFile>http://demoshop27.e-stile.ru/images/rus/shopprice/100629153927.png</ImageFile>
      <ImageAlt></ImageAlt>
      <SortIndex>0</SortIndex>
      <IsDefault>1</IsDefault>
    </image>
    <image>
      <Id>15</Id>
      <IdPrice>71</IdPrice>
      <ImageFile>http://demoshop27.e-stile.ru/images/rus/shopprice/100629154130.png</ImageFile>
      <ImageAlt></ImageAlt>
      <SortIndex>0</SortIndex>
      <IsDefault>1</IsDefault>
    </image>
    <image>
      <Id>16</Id>
      <IdPrice>72</IdPrice>
      <ImageFile>http://demoshop27.e-stile.ru/images/rus/shopprice/100629154429.png</ImageFile>
      <ImageAlt></ImageAlt>
      <SortIndex>0</SortIndex>
      <IsDefault>1</IsDefault>
    </image>
    <image>
      <Id>17</Id>
      <IdPrice>73</IdPrice>
      <ImageFile>http://demoshop27.e-stile.ru/images/rus/shopprice/100629154649.png</ImageFile>
      <ImageAlt></ImageAlt>
      <SortIndex>0</SortIndex>
      <IsDefault>1</IsDefault>
    </image>
    <image>
      <Id>18</Id>
      <IdPrice>74</IdPrice>
      <ImageFile>http://demoshop27.e-stile.ru/images/rus/shopprice/100629155420.png</ImageFile>
      <ImageAlt></ImageAlt>
      <SortIndex>0</SortIndex>
      <IsDefault>1</IsDefault>
    </image>
    <image>
      <Id>19</Id>
      <IdPrice>75</IdPrice>
      <ImageFile>http://demoshop27.e-stile.ru/images/rus/shopprice/100629155335.png</ImageFile>
      <ImageAlt></ImageAlt>
      <SortIndex>0</SortIndex>
      <IsDefault>1</IsDefault>
    </image>
    <image>
      <Id>20</Id>
      <IdPrice>76</IdPrice>
      <ImageFile>http://demoshop27.e-stile.ru/images/rus/shopprice/100629160014.png</ImageFile>
      <ImageAlt></ImageAlt>
      <SortIndex>0</SortIndex>
      <IsDefault>1</IsDefault>
    </image>
    <image>
      <Id>21</Id>
      <IdPrice>77</IdPrice>
      <ImageFile>http://demoshop27.e-stile.ru/images/rus/shopprice/100629160544.png</ImageFile>
      <ImageAlt></ImageAlt>
      <SortIndex>0</SortIndex>
      <IsDefault>1</IsDefault>
    </image>
    <image>
      <Id>22</Id>
      <IdPrice>84</IdPrice>
      <ImageFile>http://demoshop27.e-stile.ru/images/rus/shopprice/100630124555.png</ImageFile>
      <ImageAlt></ImageAlt>
      <SortIndex>0</SortIndex>
      <IsDefault>1</IsDefault>
    </image>
    <image>
      <Id>23</Id>
      <IdPrice>87</IdPrice>
      <ImageFile>http://demoshop27.e-stile.ru/images/rus/shopprice/100630165045.png</ImageFile>
      <ImageAlt></ImageAlt>
      <SortIndex>0</SortIndex>
      <IsDefault>1</IsDefault>
    </image>
    <image>
      <Id>24</Id>
      <IdPrice>88</IdPrice>
      <ImageFile>http://demoshop27.e-stile.ru/images/rus/shopprice/100630131833.png</ImageFile>
      <ImageAlt></ImageAlt>
      <SortIndex>0</SortIndex>
      <IsDefault>1</IsDefault>
    </image>
    <image>
      <Id>25</Id>
      <IdPrice>89</IdPrice>
      <ImageFile>http://demoshop27.e-stile.ru/images/rus/shopprice/100630174232.png</ImageFile>
      <ImageAlt></ImageAlt>
      <SortIndex>0</SortIndex>
      <IsDefault>1</IsDefault>
    </image>
    <image>
      <Id>26</Id>
      <IdPrice>90</IdPrice>
      <ImageFile>http://demoshop27.e-stile.ru/images/rus/shopprice/100630174919.png</ImageFile>
      <ImageAlt></ImageAlt>
      <SortIndex>0</SortIndex>
      <IsDefault>1</IsDefault>
    </image>
    <image>
      <Id>27</Id>
      <IdPrice>91</IdPrice>
      <ImageFile>http://demoshop27.e-stile.ru/images/rus/shopprice/100630175045.png</ImageFile>
      <ImageAlt></ImageAlt>
      <SortIndex>0</SortIndex>
      <IsDefault>1</IsDefault>
    </image>
    <image>
      <Id>28</Id>
      <IdPrice>92</IdPrice>
      <ImageFile>http://demoshop27.e-stile.ru/images/rus/shopprice/100630175319.png</ImageFile>
      <ImageAlt></ImageAlt>
      <SortIndex>0</SortIndex>
      <IsDefault>1</IsDefault>
    </image>
    <image>
      <Id>29</Id>
      <IdPrice>93</IdPrice>
      <ImageFile>http://demoshop27.e-stile.ru/images/rus/shopprice/100630181221.png</ImageFile>
      <ImageAlt></ImageAlt>
      <SortIndex>0</SortIndex>
      <IsDefault>1</IsDefault>
    </image>
    <image>
      <Id>30</Id>
      <IdPrice>94</IdPrice>
      <ImageFile>http://demoshop27.e-stile.ru/images/rus/shopprice/100630181832.png</ImageFile>
      <ImageAlt></ImageAlt>
      <SortIndex>0</SortIndex>
      <IsDefault>1</IsDefault>
    </image>
    <image>
      <Id>31</Id>
      <IdPrice>95</IdPrice>
      <ImageFile>http://demoshop27.e-stile.ru/images/rus/shopprice/100630182139.png</ImageFile>
      <ImageAlt></ImageAlt>
      <SortIndex>0</SortIndex>
      <IsDefault>1</IsDefault>
    </image>
    <image>
      <Id>32</Id>
      <IdPrice>96</IdPrice>
      <ImageFile>http://demoshop27.e-stile.ru/images/rus/shopprice/100630182606.png</ImageFile>
      <ImageAlt></ImageAlt>
      <SortIndex>0</SortIndex>
      <IsDefault>1</IsDefault>
    </image>
    <image>
      <Id>33</Id>
      <IdPrice>97</IdPrice>
      <ImageFile>http://demoshop27.e-stile.ru/images/rus/shopprice/100630185210.png</ImageFile>
      <ImageAlt></ImageAlt>
      <SortIndex>0</SortIndex>
      <IsDefault>1</IsDefault>
    </image>
    <image>
      <Id>34</Id>
      <IdPrice>98</IdPrice>
      <ImageFile>http://demoshop27.e-stile.ru/images/rus/shopprice/100630185113.png</ImageFile>
      <ImageAlt></ImageAlt>
      <SortIndex>0</SortIndex>
      <IsDefault>1</IsDefault>
    </image>
    <image>
      <Id>35</Id>
      <IdPrice>99</IdPrice>
      <ImageFile>http://demoshop27.e-stile.ru/images/rus/shopprice/100630185415.png</ImageFile>
      <ImageAlt></ImageAlt>
      <SortIndex>0</SortIndex>
      <IsDefault>1</IsDefault>
    </image>
    <image>
      <Id>36</Id>
      <IdPrice>100</IdPrice>
      <ImageFile>http://demoshop27.e-stile.ru/images/rus/shopprice/100630185658.png</ImageFile>
      <ImageAlt></ImageAlt>
      <SortIndex>0</SortIndex>
      <IsDefault>1</IsDefault>
    </image>
    <image>
      <Id>37</Id>
      <IdPrice>101</IdPrice>
      <ImageFile>http://demoshop27.e-stile.ru/images/rus/shopprice/100630184754.jpg</ImageFile>
      <ImageAlt></ImageAlt>
      <SortIndex>0</SortIndex>
      <IsDefault>1</IsDefault>
    </image>
    <image>
      <Id>38</Id>
      <IdPrice>102</IdPrice>
      <ImageFile>http://demoshop27.e-stile.ru/images/rus/shopprice/100630185841.png</ImageFile>
      <ImageAlt></ImageAlt>
      <SortIndex>0</SortIndex>
      <IsDefault>1</IsDefault>
    </image>
    <image>
      <Id>39</Id>
      <IdPrice>103</IdPrice>
      <ImageFile>http://demoshop27.e-stile.ru/images/rus/shopprice/100630190103.png</ImageFile>
      <ImageAlt></ImageAlt>
      <SortIndex>0</SortIndex>
      <IsDefault>1</IsDefault>
    </image>
    <image>
      <Id>40</Id>
      <IdPrice>104</IdPrice>
      <ImageFile>http://demoshop27.e-stile.ru/images/rus/shopprice/100630235346.png</ImageFile>
      <ImageAlt></ImageAlt>
      <SortIndex>0</SortIndex>
      <IsDefault>1</IsDefault>
    </image>
    <image>
      <Id>41</Id>
      <IdPrice>105</IdPrice>
      <ImageFile>http://demoshop27.e-stile.ru/images/rus/shopprice/100630235523.png</ImageFile>
      <ImageAlt></ImageAlt>
      <SortIndex>0</SortIndex>
      <IsDefault>1</IsDefault>
    </image>
    <image>
      <Id>42</Id>
      <IdPrice>106</IdPrice>
      <ImageFile>http://demoshop27.e-stile.ru/images/rus/shopprice/100701000058.png</ImageFile>
      <ImageAlt></ImageAlt>
      <SortIndex>0</SortIndex>
      <IsDefault>1</IsDefault>
    </image>
    <image>
      <Id>43</Id>
      <IdPrice>107</IdPrice>
      <ImageFile>http://demoshop27.e-stile.ru/images/rus/shopprice/100701000830.png</ImageFile>
      <ImageAlt></ImageAlt>
      <SortIndex>0</SortIndex>
      <IsDefault>1</IsDefault>
    </image>
    <image>
      <Id>44</Id>
      <IdPrice>108</IdPrice>
      <ImageFile>http://demoshop27.e-stile.ru/images/rus/shopprice/100701001439.png</ImageFile>
      <ImageAlt></ImageAlt>
      <SortIndex>0</SortIndex>
      <IsDefault>1</IsDefault>
    </image>
    <image>
      <Id>45</Id>
      <IdPrice>109</IdPrice>
      <ImageFile>http://demoshop27.e-stile.ru/images/rus/shopprice/100701111950.png</ImageFile>
      <ImageAlt></ImageAlt>
      <SortIndex>0</SortIndex>
      <IsDefault>1</IsDefault>
    </image>
    <image>
      <Id>46</Id>
      <IdPrice>110</IdPrice>
      <ImageFile>http://demoshop27.e-stile.ru/images/rus/shopprice/100701112059.png</ImageFile>
      <ImageAlt></ImageAlt>
      <SortIndex>0</SortIndex>
      <IsDefault>1</IsDefault>
    </image>
    <image>
      <Id>47</Id>
      <IdPrice>111</IdPrice>
      <ImageFile>http://demoshop27.e-stile.ru/images/rus/shopprice/100701112237.png</ImageFile>
      <ImageAlt></ImageAlt>
      <SortIndex>0</SortIndex>
      <IsDefault>1</IsDefault>
    </image>
    <image>
      <Id>48</Id>
      <IdPrice>112</IdPrice>
      <ImageFile>http://demoshop27.e-stile.ru/images/rus/shopprice/100701112522.png</ImageFile>
      <ImageAlt></ImageAlt>
      <SortIndex>0</SortIndex>
      <IsDefault>1</IsDefault>
    </image>
    <image>
      <Id>49</Id>
      <IdPrice>113</IdPrice>
      <ImageFile>http://demoshop27.e-stile.ru/images/rus/shopprice/100701112628.png</ImageFile>
      <ImageAlt></ImageAlt>
      <SortIndex>0</SortIndex>
      <IsDefault>1</IsDefault>
    </image>
    <image>
      <Id>50</Id>
      <IdPrice>114</IdPrice>
      <ImageFile>http://demoshop27.e-stile.ru/images/rus/shopprice/100701112710.png</ImageFile>
      <ImageAlt></ImageAlt>
      <SortIndex>0</SortIndex>
      <IsDefault>1</IsDefault>
    </image>
    <image>
      <Id>51</Id>
      <IdPrice>115</IdPrice>
      <ImageFile>http://demoshop27.e-stile.ru/images/rus/shopprice/100701113236.png</ImageFile>
      <ImageAlt></ImageAlt>
      <SortIndex>0</SortIndex>
      <IsDefault>1</IsDefault>
    </image>
    <image>
      <Id>52</Id>
      <IdPrice>116</IdPrice>
      <ImageFile>http://demoshop27.e-stile.ru/images/rus/shopprice/100701113304.png</ImageFile>
      <ImageAlt></ImageAlt>
      <SortIndex>0</SortIndex>
      <IsDefault>1</IsDefault>
    </image>
    <image>
      <Id>53</Id>
      <IdPrice>117</IdPrice>
      <ImageFile>http://demoshop27.e-stile.ru/images/rus/shopprice/100701113846.png</ImageFile>
      <ImageAlt></ImageAlt>
      <SortIndex>0</SortIndex>
      <IsDefault>1</IsDefault>
    </image>
    <image>
      <Id>54</Id>
      <IdPrice>118</IdPrice>
      <ImageFile>http://demoshop27.e-stile.ru/images/rus/shopprice/100701114110.png</ImageFile>
      <ImageAlt></ImageAlt>
      <SortIndex>0</SortIndex>
      <IsDefault>1</IsDefault>
    </image>
    <image>
      <Id>55</Id>
      <IdPrice>119</IdPrice>
      <ImageFile>http://demoshop27.e-stile.ru/images/rus/shopprice/100701114303.png</ImageFile>
      <ImageAlt></ImageAlt>
      <SortIndex>0</SortIndex>
      <IsDefault>1</IsDefault>
    </image>
    <image>
      <Id>56</Id>
      <IdPrice>120</IdPrice>
      <ImageFile>http://demoshop27.e-stile.ru/images/rus/shopprice/100701114521.png</ImageFile>
      <ImageAlt></ImageAlt>
      <SortIndex>0</SortIndex>
      <IsDefault>1</IsDefault>
    </image>
    <image>
      <Id>57</Id>
      <IdPrice>121</IdPrice>
      <ImageFile>http://demoshop27.e-stile.ru/images/rus/shopprice/100701114900.png</ImageFile>
      <ImageAlt></ImageAlt>
      <SortIndex>0</SortIndex>
      <IsDefault>1</IsDefault>
    </image>
    <image>
      <Id>58</Id>
      <IdPrice>122</IdPrice>
      <ImageFile>http://demoshop27.e-stile.ru/images/rus/shopprice/100701114923.png</ImageFile>
      <ImageAlt></ImageAlt>
      <SortIndex>0</SortIndex>
      <IsDefault>1</IsDefault>
    </image>
    <image>
      <Id>59</Id>
      <IdPrice>123</IdPrice>
      <ImageFile>http://demoshop27.e-stile.ru/images/rus/shopprice/100701115743.png</ImageFile>
      <ImageAlt></ImageAlt>
      <SortIndex>0</SortIndex>
      <IsDefault>1</IsDefault>
    </image>
    <image>
      <Id>60</Id>
      <IdPrice>124</IdPrice>
      <ImageFile>http://demoshop27.e-stile.ru/images/rus/shopprice/100701120539.png</ImageFile>
      <ImageAlt></ImageAlt>
      <SortIndex>0</SortIndex>
      <IsDefault>1</IsDefault>
    </image>
    <image>
      <Id>61</Id>
      <IdPrice>125</IdPrice>
      <ImageFile>http://demoshop27.e-stile.ru/images/rus/shopprice/100701121037.png</ImageFile>
      <ImageAlt></ImageAlt>
      <SortIndex>0</SortIndex>
      <IsDefault>1</IsDefault>
    </image>
    <image>
      <Id>62</Id>
      <IdPrice>126</IdPrice>
      <ImageFile>http://demoshop27.e-stile.ru/images/rus/shopprice/100701121555.png</ImageFile>
      <ImageAlt></ImageAlt>
      <SortIndex>0</SortIndex>
      <IsDefault>1</IsDefault>
    </image>
    <image>
      <Id>63</Id>
      <IdPrice>127</IdPrice>
      <ImageFile>http://demoshop27.e-stile.ru/images/rus/shopprice/100701122015.png</ImageFile>
      <ImageAlt></ImageAlt>
      <SortIndex>0</SortIndex>
      <IsDefault>1</IsDefault>
    </image>
    <image>
      <Id>64</Id>
      <IdPrice>128</IdPrice>
      <ImageFile>http://demoshop27.e-stile.ru/images/rus/shopprice/100701122328.png</ImageFile>
      <ImageAlt></ImageAlt>
      <SortIndex>0</SortIndex>
      <IsDefault>1</IsDefault>
    </image>
    <image>
      <Id>65</Id>
      <IdPrice>129</IdPrice>
      <ImageFile>http://demoshop27.e-stile.ru/images/rus/shopprice/100701123117.png</ImageFile>
      <ImageAlt></ImageAlt>
      <SortIndex>0</SortIndex>
      <IsDefault>1</IsDefault>
    </image>
    <image>
      <Id>66</Id>
      <IdPrice>130</IdPrice>
      <ImageFile>http://demoshop27.e-stile.ru/images/rus/shopprice/100701123735.png</ImageFile>
      <ImageAlt></ImageAlt>
      <SortIndex>0</SortIndex>
      <IsDefault>1</IsDefault>
    </image>
    <image>
      <Id>67</Id>
      <IdPrice>131</IdPrice>
      <ImageFile>http://demoshop27.e-stile.ru/images/rus/shopprice/100701124333.png</ImageFile>
      <ImageAlt></ImageAlt>
      <SortIndex>0</SortIndex>
      <IsDefault>1</IsDefault>
    </image>
    <image>
      <Id>68</Id>
      <IdPrice>132</IdPrice>
      <ImageFile>http://demoshop27.e-stile.ru/images/rus/shopprice/100701124659.png</ImageFile>
      <ImageAlt></ImageAlt>
      <SortIndex>0</SortIndex>
      <IsDefault>1</IsDefault>
    </image>
    <image>
      <Id>69</Id>
      <IdPrice>133</IdPrice>
      <ImageFile>http://demoshop27.e-stile.ru/images/rus/shopprice/100705124205.png</ImageFile>
      <ImageAlt></ImageAlt>
      <SortIndex>0</SortIndex>
      <IsDefault>1</IsDefault>
    </image>
    <image>
      <Id>70</Id>
      <IdPrice>134</IdPrice>
      <ImageFile>http://demoshop27.e-stile.ru/images/rus/shopprice/100705124527.png</ImageFile>
      <ImageAlt></ImageAlt>
      <SortIndex>0</SortIndex>
      <IsDefault>1</IsDefault>
    </image>
    <image>
      <Id>71</Id>
      <IdPrice>135</IdPrice>
      <ImageFile>http://demoshop27.e-stile.ru/images/rus/shopprice/100705124937.png</ImageFile>
      <ImageAlt></ImageAlt>
      <SortIndex>0</SortIndex>
      <IsDefault>1</IsDefault>
    </image>
    <image>
      <Id>72</Id>
      <IdPrice>136</IdPrice>
      <ImageFile>http://demoshop27.e-stile.ru/images/rus/shopprice/100705130307.png</ImageFile>
      <ImageAlt></ImageAlt>
      <SortIndex>0</SortIndex>
      <IsDefault>1</IsDefault>
    </image>
    <image>
      <Id>73</Id>
      <IdPrice>137</IdPrice>
      <ImageFile>http://demoshop27.e-stile.ru/images/rus/shopprice/100705130859.png</ImageFile>
      <ImageAlt></ImageAlt>
      <SortIndex>0</SortIndex>
      <IsDefault>1</IsDefault>
    </image>
    <image>
      <Id>74</Id>
      <IdPrice>138</IdPrice>
      <ImageFile>http://demoshop27.e-stile.ru/images/rus/shopprice/100705131342.png</ImageFile>
      <ImageAlt></ImageAlt>
      <SortIndex>0</SortIndex>
      <IsDefault>1</IsDefault>
    </image>
    <image>
      <Id>75</Id>
      <IdPrice>139</IdPrice>
      <ImageFile>http://demoshop27.e-stile.ru/images/rus/shopprice/100705131607.png</ImageFile>
      <ImageAlt></ImageAlt>
      <SortIndex>0</SortIndex>
      <IsDefault>1</IsDefault>
    </image>
    <image>
      <Id>76</Id>
      <IdPrice>140</IdPrice>
      <ImageFile>http://demoshop27.e-stile.ru/images/rus/shopprice/100705132102.png</ImageFile>
      <ImageAlt></ImageAlt>
      <SortIndex>0</SortIndex>
      <IsDefault>1</IsDefault>
    </image>
    <image>
      <Id>77</Id>
      <IdPrice>141</IdPrice>
      <ImageFile>http://demoshop27.e-stile.ru/images/rus/shopprice/100705132735.png</ImageFile>
      <ImageAlt></ImageAlt>
      <SortIndex>0</SortIndex>
      <IsDefault>1</IsDefault>
    </image>
    <image>
      <Id>78</Id>
      <IdPrice>142</IdPrice>
      <ImageFile>http://demoshop27.e-stile.ru/images/rus/shopprice/100705132822.png</ImageFile>
      <ImageAlt></ImageAlt>
      <SortIndex>0</SortIndex>
      <IsDefault>1</IsDefault>
    </image>
    <image>
      <Id>79</Id>
      <IdPrice>143</IdPrice>
      <ImageFile>http://demoshop27.e-stile.ru/images/rus/shopprice/100705133055.png</ImageFile>
      <ImageAlt></ImageAlt>
      <SortIndex>0</SortIndex>
      <IsDefault>1</IsDefault>
    </image>
    <image>
      <Id>80</Id>
      <IdPrice>144</IdPrice>
      <ImageFile>http://demoshop27.e-stile.ru/images/rus/shopprice/100705133651.png</ImageFile>
      <ImageAlt></ImageAlt>
      <SortIndex>0</SortIndex>
      <IsDefault>1</IsDefault>
    </image>
    <image>
      <Id>81</Id>
      <IdPrice>145</IdPrice>
      <ImageFile>http://demoshop27.e-stile.ru/images/rus/shopprice/100705133800.png</ImageFile>
      <ImageAlt></ImageAlt>
      <SortIndex>0</SortIndex>
      <IsDefault>1</IsDefault>
    </image>
    <image>
      <Id>82</Id>
      <IdPrice>146</IdPrice>
      <ImageFile>http://demoshop27.e-stile.ru/images/rus/shopprice/100705133902.png</ImageFile>
      <ImageAlt></ImageAlt>
      <SortIndex>0</SortIndex>
      <IsDefault>1</IsDefault>
    </image>
    <image>
      <Id>83</Id>
      <IdPrice>147</IdPrice>
      <ImageFile>http://demoshop27.e-stile.ru/images/rus/shopprice/100705134027.png</ImageFile>
      <ImageAlt></ImageAlt>
      <SortIndex>0</SortIndex>
      <IsDefault>1</IsDefault>
    </image>
    <image>
      <Id>84</Id>
      <IdPrice>148</IdPrice>
      <ImageFile>http://demoshop27.e-stile.ru/images/rus/shopprice/100706130250.png</ImageFile>
      <ImageAlt></ImageAlt>
      <SortIndex>0</SortIndex>
      <IsDefault>1</IsDefault>
    </image>
    <image>
      <Id>85</Id>
      <IdPrice>149</IdPrice>
      <ImageFile>http://demoshop27.e-stile.ru/images/rus/shopprice/100706130330.png</ImageFile>
      <ImageAlt></ImageAlt>
      <SortIndex>0</SortIndex>
      <IsDefault>1</IsDefault>
    </image>
    <image>
      <Id>86</Id>
      <IdPrice>150</IdPrice>
      <ImageFile>http://demoshop27.e-stile.ru/images/rus/shopprice/100706130346.png</ImageFile>
      <ImageAlt></ImageAlt>
      <SortIndex>0</SortIndex>
      <IsDefault>1</IsDefault>
    </image>
    <image>
      <Id>87</Id>
      <IdPrice>151</IdPrice>
      <ImageFile>http://demoshop27.e-stile.ru/images/rus/shopprice/100706130405.png</ImageFile>
      <ImageAlt></ImageAlt>
      <SortIndex>0</SortIndex>
      <IsDefault>1</IsDefault>
    </image>
    <image>
      <Id>88</Id>
      <IdPrice>152</IdPrice>
      <ImageFile>http://demoshop27.e-stile.ru/images/rus/shopprice/100706130437.png</ImageFile>
      <ImageAlt></ImageAlt>
      <SortIndex>0</SortIndex>
      <IsDefault>1</IsDefault>
    </image>
    <image>
      <Id>89</Id>
      <IdPrice>153</IdPrice>
      <ImageFile>http://demoshop27.e-stile.ru/images/rus/shopprice/100706130457.png</ImageFile>
      <ImageAlt></ImageAlt>
      <SortIndex>0</SortIndex>
      <IsDefault>1</IsDefault>
    </image>
    <image>
      <Id>90</Id>
      <IdPrice>154</IdPrice>
      <ImageFile>http://demoshop27.e-stile.ru/images/rus/shopprice/100706130522.png</ImageFile>
      <ImageAlt></ImageAlt>
      <SortIndex>0</SortIndex>
      <IsDefault>1</IsDefault>
    </image>
    <image>
      <Id>91</Id>
      <IdPrice>155</IdPrice>
      <ImageFile>http://demoshop27.e-stile.ru/images/rus/shopprice/100706130539.png</ImageFile>
      <ImageAlt></ImageAlt>
      <SortIndex>0</SortIndex>
      <IsDefault>1</IsDefault>
    </image>
    <image>
      <Id>92</Id>
      <IdPrice>156</IdPrice>
      <ImageFile>http://demoshop27.e-stile.ru/images/rus/shopprice/100706130607.png</ImageFile>
      <ImageAlt></ImageAlt>
      <SortIndex>0</SortIndex>
      <IsDefault>1</IsDefault>
    </image>
    <image>
      <Id>93</Id>
      <IdPrice>157</IdPrice>
      <ImageFile>http://demoshop27.e-stile.ru/images/rus/shopprice/100909132720.png</ImageFile>
      <ImageAlt></ImageAlt>
      <SortIndex>0</SortIndex>
      <IsDefault>1</IsDefault>
    </image>
    <image>
      <Id>94</Id>
      <IdPrice>158</IdPrice>
      <ImageFile>http://demoshop27.e-stile.ru/images/rus/shopprice/100909133208.png</ImageFile>
      <ImageAlt></ImageAlt>
      <SortIndex>0</SortIndex>
      <IsDefault>1</IsDefault>
    </image>
    <image>
      <Id>95</Id>
      <IdPrice>159</IdPrice>
      <ImageFile>http://demoshop27.e-stile.ru/images/rus/shopprice/100909133906.png</ImageFile>
      <ImageAlt></ImageAlt>
      <SortIndex>0</SortIndex>
      <IsDefault>1</IsDefault>
    </image>
    <image>
      <Id>96</Id>
      <IdPrice>160</IdPrice>
      <ImageFile>http://demoshop27.e-stile.ru/images/rus/shopprice/100909134446.png</ImageFile>
      <ImageAlt></ImageAlt>
      <SortIndex>0</SortIndex>
      <IsDefault>1</IsDefault>
    </image>
    <image>
      <Id>97</Id>
      <IdPrice>161</IdPrice>
      <ImageFile>http://demoshop27.e-stile.ru/images/rus/shopprice/100909135011.png</ImageFile>
      <ImageAlt></ImageAlt>
      <SortIndex>0</SortIndex>
      <IsDefault>1</IsDefault>
    </image>
    <image>
      <Id>98</Id>
      <IdPrice>162</IdPrice>
      <ImageFile>http://demoshop27.e-stile.ru/images/rus/shopprice/100909135712.png</ImageFile>
      <ImageAlt></ImageAlt>
      <SortIndex>0</SortIndex>
      <IsDefault>1</IsDefault>
    </image>
    <image>
      <Id>99</Id>
      <IdPrice>163</IdPrice>
      <ImageFile>http://demoshop27.e-stile.ru/images/rus/shopprice/100909143250.png</ImageFile>
      <ImageAlt></ImageAlt>
      <SortIndex>0</SortIndex>
      <IsDefault>1</IsDefault>
    </image>
    <image>
      <Id>100</Id>
      <IdPrice>164</IdPrice>
      <ImageFile>http://demoshop27.e-stile.ru/images/rus/shopprice/100909150424.png</ImageFile>
      <ImageAlt></ImageAlt>
      <SortIndex>0</SortIndex>
      <IsDefault>1</IsDefault>
    </image>
    <image>
      <Id>101</Id>
      <IdPrice>165</IdPrice>
      <ImageFile>http://demoshop27.e-stile.ru/images/rus/shopprice/100909151720.png</ImageFile>
      <ImageAlt></ImageAlt>
      <SortIndex>0</SortIndex>
      <IsDefault>1</IsDefault>
    </image>
    <image>
      <Id>102</Id>
      <IdPrice>166</IdPrice>
      <ImageFile>http://demoshop27.e-stile.ru/images/rus/shopprice/100909152725.png</ImageFile>
      <ImageAlt></ImageAlt>
      <SortIndex>0</SortIndex>
      <IsDefault>1</IsDefault>
    </image>
    <image>
      <Id>103</Id>
      <IdPrice>167</IdPrice>
      <ImageFile>http://demoshop27.e-stile.ru/images/rus/shopprice/100909153600.png</ImageFile>
      <ImageAlt></ImageAlt>
      <SortIndex>0</SortIndex>
      <IsDefault>1</IsDefault>
    </image>
    <image>
      <Id>104</Id>
      <IdPrice>168</IdPrice>
      <ImageFile>http://demoshop27.e-stile.ru/images/rus/shopprice/100909154238.png</ImageFile>
      <ImageAlt></ImageAlt>
      <SortIndex>0</SortIndex>
      <IsDefault>1</IsDefault>
    </image>
    <image>
      <Id>105</Id>
      <IdPrice>169</IdPrice>
      <ImageFile>http://demoshop27.e-stile.ru/images/rus/shopprice/100910165025.png</ImageFile>
      <ImageAlt></ImageAlt>
      <SortIndex>0</SortIndex>
      <IsDefault>1</IsDefault>
    </image>
    <image>
      <Id>106</Id>
      <IdPrice>170</IdPrice>
      <ImageFile>http://demoshop27.e-stile.ru/images/rus/shopprice/100910172628.png</ImageFile>
      <ImageAlt></ImageAlt>
      <SortIndex>0</SortIndex>
      <IsDefault>1</IsDefault>
    </image>
    <image>
      <Id>107</Id>
      <IdPrice>171</IdPrice>
      <ImageFile>http://demoshop27.e-stile.ru/images/rus/shopprice/odegda_k2.png</ImageFile>
      <ImageAlt></ImageAlt>
      <SortIndex>0</SortIndex>
      <IsDefault>1</IsDefault>
    </image>
    <image>
      <Id>108</Id>
      <IdPrice>172</IdPrice>
      <ImageFile>http://demoshop27.e-stile.ru/images/rus/shopprice/odegda_k5.png</ImageFile>
      <ImageAlt></ImageAlt>
      <SortIndex>0</SortIndex>
      <IsDefault>1</IsDefault>
    </image>
    <image>
      <Id>109</Id>
      <IdPrice>173</IdPrice>
      <ImageFile>http://demoshop27.e-stile.ru/images/rus/shopprice/odegda_k6.png</ImageFile>
      <ImageAlt></ImageAlt>
      <SortIndex>0</SortIndex>
      <IsDefault>1</IsDefault>
    </image>
    <image>
      <Id>110</Id>
      <IdPrice>174</IdPrice>
      <ImageFile>http://demoshop27.e-stile.ru/images/rus/shopprice/odegda_k7.png</ImageFile>
      <ImageAlt></ImageAlt>
      <SortIndex>0</SortIndex>
      <IsDefault>1</IsDefault>
    </image>
    <image>
      <Id>111</Id>
      <IdPrice>175</IdPrice>
      <ImageFile>http://demoshop27.e-stile.ru/images/rus/shopprice/odegda_k8.png</ImageFile>
      <ImageAlt></ImageAlt>
      <SortIndex>0</SortIndex>
      <IsDefault>1</IsDefault>
    </image>
    <image>
      <Id>112</Id>
      <IdPrice>176</IdPrice>
      <ImageFile>http://demoshop27.e-stile.ru/images/rus/shopprice/odegda_k9.png</ImageFile>
      <ImageAlt></ImageAlt>
      <SortIndex>0</SortIndex>
      <IsDefault>1</IsDefault>
    </image>
    <image>
      <Id>113</Id>
      <IdPrice>177</IdPrice>
      <ImageFile>http://demoshop27.e-stile.ru/images/rus/shopprice/odegda_k4.png</ImageFile>
      <ImageAlt></ImageAlt>
      <SortIndex>0</SortIndex>
      <IsDefault>1</IsDefault>
    </image>
    <image>
      <Id>114</Id>
      <IdPrice>178</IdPrice>
      <ImageFile>http://demoshop27.e-stile.ru/images/rus/shopprice/odegda_w1.png</ImageFile>
      <ImageAlt></ImageAlt>
      <SortIndex>0</SortIndex>
      <IsDefault>1</IsDefault>
    </image>
    <image>
      <Id>115</Id>
      <IdPrice>179</IdPrice>
      <ImageFile>http://demoshop27.e-stile.ru/images/rus/shopprice/odegda_w2.png</ImageFile>
      <ImageAlt></ImageAlt>
      <SortIndex>0</SortIndex>
      <IsDefault>1</IsDefault>
    </image>
    <image>
      <Id>116</Id>
      <IdPrice>180</IdPrice>
      <ImageFile>http://demoshop27.e-stile.ru/images/rus/shopprice/odegda_w3.png</ImageFile>
      <ImageAlt></ImageAlt>
      <SortIndex>0</SortIndex>
      <IsDefault>1</IsDefault>
    </image>
    <image>
      <Id>117</Id>
      <IdPrice>181</IdPrice>
      <ImageFile>http://demoshop27.e-stile.ru/images/rus/shopprice/odegda_w4.png</ImageFile>
      <ImageAlt></ImageAlt>
      <SortIndex>0</SortIndex>
      <IsDefault>1</IsDefault>
    </image>
    <image>
      <Id>118</Id>
      <IdPrice>182</IdPrice>
      <ImageFile>http://demoshop27.e-stile.ru/images/rus/shopprice/odegda_w5.png</ImageFile>
      <ImageAlt></ImageAlt>
      <SortIndex>0</SortIndex>
      <IsDefault>1</IsDefault>
    </image>
    <image>
      <Id>119</Id>
      <IdPrice>183</IdPrice>
      <ImageFile>http://demoshop27.e-stile.ru/images/rus/shopprice/odegda_w6.png</ImageFile>
      <ImageAlt></ImageAlt>
      <SortIndex>0</SortIndex>
      <IsDefault>1</IsDefault>
    </image>
    <image>
      <Id>120</Id>
      <IdPrice>184</IdPrice>
      <ImageFile>http://demoshop27.e-stile.ru/images/rus/shopprice/odegda_w7.png</ImageFile>
      <ImageAlt></ImageAlt>
      <SortIndex>0</SortIndex>
      <IsDefault>1</IsDefault>
    </image>
    <image>
      <Id>121</Id>
      <IdPrice>185</IdPrice>
      <ImageFile>http://demoshop27.e-stile.ru/images/rus/shopprice/odegda_w8.png</ImageFile>
      <ImageAlt></ImageAlt>
      <SortIndex>0</SortIndex>
      <IsDefault>1</IsDefault>
    </image>
    <image>
      <Id>122</Id>
      <IdPrice>186</IdPrice>
      <ImageFile>http://demoshop27.e-stile.ru/images/rus/shopprice/odegda_w9.png</ImageFile>
      <ImageAlt></ImageAlt>
      <SortIndex>0</SortIndex>
      <IsDefault>1</IsDefault>
    </image>
    <image>
      <Id>123</Id>
      <IdPrice>187</IdPrice>
      <ImageFile>http://demoshop27.e-stile.ru/images/rus/shopprice/odegda_m1.png</ImageFile>
      <ImageAlt></ImageAlt>
      <SortIndex>0</SortIndex>
      <IsDefault>1</IsDefault>
    </image>
    <image>
      <Id>124</Id>
      <IdPrice>188</IdPrice>
      <ImageFile>http://demoshop27.e-stile.ru/images/rus/shopprice/odegda_m10.png</ImageFile>
      <ImageAlt></ImageAlt>
      <SortIndex>0</SortIndex>
      <IsDefault>1</IsDefault>
    </image>
    <image>
      <Id>125</Id>
      <IdPrice>189</IdPrice>
      <ImageFile>http://demoshop27.e-stile.ru/images/rus/shopprice/odegda_m11.png</ImageFile>
      <ImageAlt></ImageAlt>
      <SortIndex>0</SortIndex>
      <IsDefault>1</IsDefault>
    </image>
    <image>
      <Id>126</Id>
      <IdPrice>190</IdPrice>
      <ImageFile>http://demoshop27.e-stile.ru/images/rus/shopprice/odegda_m2.png</ImageFile>
      <ImageAlt></ImageAlt>
      <SortIndex>0</SortIndex>
      <IsDefault>1</IsDefault>
    </image>
    <image>
      <Id>127</Id>
      <IdPrice>191</IdPrice>
      <ImageFile>http://demoshop27.e-stile.ru/images/rus/shopprice/odegda_m3.png</ImageFile>
      <ImageAlt></ImageAlt>
      <SortIndex>0</SortIndex>
      <IsDefault>1</IsDefault>
    </image>
    <image>
      <Id>128</Id>
      <IdPrice>192</IdPrice>
      <ImageFile>http://demoshop27.e-stile.ru/images/rus/shopprice/odegda_m4.png</ImageFile>
      <ImageAlt></ImageAlt>
      <SortIndex>0</SortIndex>
      <IsDefault>1</IsDefault>
    </image>
    <image>
      <Id>129</Id>
      <IdPrice>193</IdPrice>
      <ImageFile>http://demoshop27.e-stile.ru/images/rus/shopprice/odegda_m5.png</ImageFile>
      <ImageAlt></ImageAlt>
      <SortIndex>0</SortIndex>
      <IsDefault>1</IsDefault>
    </image>
    <image>
      <Id>130</Id>
      <IdPrice>194</IdPrice>
      <ImageFile>http://demoshop27.e-stile.ru/images/rus/shopprice/odegda_m6.png</ImageFile>
      <ImageAlt></ImageAlt>
      <SortIndex>0</SortIndex>
      <IsDefault>1</IsDefault>
    </image>
    <image>
      <Id>131</Id>
      <IdPrice>195</IdPrice>
      <ImageFile>http://demoshop27.e-stile.ru/images/rus/shopprice/odegda_m7.png</ImageFile>
      <ImageAlt></ImageAlt>
      <SortIndex>0</SortIndex>
      <IsDefault>1</IsDefault>
    </image>
    <image>
      <Id>132</Id>
      <IdPrice>196</IdPrice>
      <ImageFile>http://demoshop27.e-stile.ru/images/rus/shopprice/odegda_m8.png</ImageFile>
      <ImageAlt></ImageAlt>
      <SortIndex>0</SortIndex>
      <IsDefault>1</IsDefault>
    </image>
    <image>
      <Id>133</Id>
      <IdPrice>197</IdPrice>
      <ImageFile>http://demoshop27.e-stile.ru/images/rus/shopprice/odegda_m9.png</ImageFile>
      <ImageAlt></ImageAlt>
      <SortIndex>0</SortIndex>
      <IsDefault>1</IsDefault>
    </image>
    <image>
      <Id>134</Id>
      <IdPrice>198</IdPrice>
      <ImageFile>http://demoshop27.e-stile.ru/images/rus/shopprice/odegda_obuv1.png</ImageFile>
      <ImageAlt></ImageAlt>
      <SortIndex>0</SortIndex>
      <IsDefault>1</IsDefault>
    </image>
    <image>
      <Id>135</Id>
      <IdPrice>199</IdPrice>
      <ImageFile>http://demoshop27.e-stile.ru/images/rus/shopprice/imageview.jpg</ImageFile>
      <ImageAlt></ImageAlt>
      <SortIndex>0</SortIndex>
      <IsDefault>1</IsDefault>
    </image>
    <image>
      <Id>136</Id>
      <IdPrice>200</IdPrice>
      <ImageFile>http://demoshop27.e-stile.ru/images/rus/shopprice/imageview.jpg</ImageFile>
      <ImageAlt></ImageAlt>
      <SortIndex>0</SortIndex>
      <IsDefault>1</IsDefault>
    </image>
    <image>
      <Id>137</Id>
      <IdPrice>200</IdPrice>
      <ImageFile>100629121456.jpg</ImageFile>
      <ImageAlt>Angel Schlesser Essential от Angel Schlesser</ImageAlt>
      <SortIndex>1</SortIndex>
      <IsDefault>0</IsDefault>
    </image>
    <image>
      <Id>138</Id>
      <IdPrice>200</IdPrice>
      <ImageFile>100629142952.jpg</ImageFile>
      <ImageAlt>Angel Schlesser Essential от Angel Schlesser</ImageAlt>
      <SortIndex>2</SortIndex>
      <IsDefault>0</IsDefault>
    </image>
    <image>
      <Id>139</Id>
      <IdPrice>200</IdPrice>
      <ImageFile>100629153927.png</ImageFile>
      <ImageAlt>Angel Schlesser Essential от Angel Schlesser</ImageAlt>
      <SortIndex>3</SortIndex>
      <IsDefault>0</IsDefault>
    </image>
    <image>
      <Id>140</Id>
      <IdPrice>200</IdPrice>
      <ImageFile>100629160544.png</ImageFile>
      <ImageAlt>Angel Schlesser Essential от Angel Schlesser</ImageAlt>
      <SortIndex>4</SortIndex>
      <IsDefault>0</IsDefault>
    </image>
    <image>
      <Id>141</Id>
      <IdPrice>200</IdPrice>
      <ImageFile>100629155420.png</ImageFile>
      <ImageAlt>Angel Schlesser Essential от Angel Schlesser</ImageAlt>
      <SortIndex>5</SortIndex>
      <IsDefault>0</IsDefault>
    </image>
    <image>
      <Id>142</Id>
      <IdPrice>1</IdPrice>
      <ImageFile>100629134044.png</ImageFile>
      <ImageAlt></ImageAlt>
      <SortIndex>0</SortIndex>
      <IsDefault>1</IsDefault>
    </image>
    <image>
      <Id>143</Id>
      <IdPrice>2</IdPrice>
      <ImageFile>100629134014.png</ImageFile>
      <ImageAlt></ImageAlt>
      <SortIndex>0</SortIndex>
      <IsDefault>1</IsDefault>
    </image>
    <image>
      <Id>144</Id>
      <IdPrice>3</IdPrice>
      <ImageFile>100629134623.png</ImageFile>
      <ImageAlt></ImageAlt>
      <SortIndex>0</SortIndex>
      <IsDefault>1</IsDefault>
    </image>
    <image>
      <Id>145</Id>
      <IdPrice>5</IdPrice>
      <ImageFile>100630235001.png</ImageFile>
      <ImageAlt></ImageAlt>
      <SortIndex>0</SortIndex>
      <IsDefault>1</IsDefault>
    </image>
    <image>
      <Id>146</Id>
      <IdPrice>51</IdPrice>
      <ImageFile>100629134949.png</ImageFile>
      <ImageAlt></ImageAlt>
      <SortIndex>0</SortIndex>
      <IsDefault>1</IsDefault>
    </image>
    <image>
      <Id>147</Id>
      <IdPrice>53</IdPrice>
      <ImageFile>100630155150.png</ImageFile>
      <ImageAlt></ImageAlt>
      <SortIndex>0</SortIndex>
      <IsDefault>1</IsDefault>
    </image>
    <image>
      <Id>148</Id>
      <IdPrice>54</IdPrice>
      <ImageFile>100630155143.png</ImageFile>
      <ImageAlt></ImageAlt>
      <SortIndex>0</SortIndex>
      <IsDefault>1</IsDefault>
    </image>
    <image>
      <Id>149</Id>
      <IdPrice>55</IdPrice>
      <ImageFile>100630155124.png</ImageFile>
      <ImageAlt></ImageAlt>
      <SortIndex>0</SortIndex>
      <IsDefault>1</IsDefault>
    </image>
    <image>
      <Id>150</Id>
      <IdPrice>56</IdPrice>
      <ImageFile>100630155135.png</ImageFile>
      <ImageAlt></ImageAlt>
      <SortIndex>0</SortIndex>
      <IsDefault>1</IsDefault>
    </image>
    <image>
      <Id>151</Id>
      <IdPrice>65</IdPrice>
      <ImageFile>100630155105.png</ImageFile>
      <ImageAlt></ImageAlt>
      <SortIndex>0</SortIndex>
      <IsDefault>1</IsDefault>
    </image>
    <image>
      <Id>152</Id>
      <IdPrice>67</IdPrice>
      <ImageFile>100630155116.png</ImageFile>
      <ImageAlt></ImageAlt>
      <SortIndex>0</SortIndex>
      <IsDefault>1</IsDefault>
    </image>
    <image>
      <Id>153</Id>
      <IdPrice>68</IdPrice>
      <ImageFile>100629142952.jpg</ImageFile>
      <ImageAlt></ImageAlt>
      <SortIndex>0</SortIndex>
      <IsDefault>1</IsDefault>
    </image>
    <image>
      <Id>154</Id>
      <IdPrice>69</IdPrice>
      <ImageFile>100629151514.png</ImageFile>
      <ImageAlt></ImageAlt>
      <SortIndex>0</SortIndex>
      <IsDefault>1</IsDefault>
    </image>
    <image>
      <Id>155</Id>
      <IdPrice>70</IdPrice>
      <ImageFile>100629153927.png</ImageFile>
      <ImageAlt></ImageAlt>
      <SortIndex>0</SortIndex>
      <IsDefault>1</IsDefault>
    </image>
    <image>
      <Id>156</Id>
      <IdPrice>71</IdPrice>
      <ImageFile>100629154130.png</ImageFile>
      <ImageAlt></ImageAlt>
      <SortIndex>0</SortIndex>
      <IsDefault>1</IsDefault>
    </image>
    <image>
      <Id>157</Id>
      <IdPrice>72</IdPrice>
      <ImageFile>100629154429.png</ImageFile>
      <ImageAlt></ImageAlt>
      <SortIndex>0</SortIndex>
      <IsDefault>1</IsDefault>
    </image>
    <image>
      <Id>158</Id>
      <IdPrice>73</IdPrice>
      <ImageFile>100629154649.png</ImageFile>
      <ImageAlt></ImageAlt>
      <SortIndex>0</SortIndex>
      <IsDefault>1</IsDefault>
    </image>
    <image>
      <Id>159</Id>
      <IdPrice>74</IdPrice>
      <ImageFile>100629155420.png</ImageFile>
      <ImageAlt></ImageAlt>
      <SortIndex>0</SortIndex>
      <IsDefault>1</IsDefault>
    </image>
    <image>
      <Id>160</Id>
      <IdPrice>75</IdPrice>
      <ImageFile>100629155335.png</ImageFile>
      <ImageAlt></ImageAlt>
      <SortIndex>0</SortIndex>
      <IsDefault>1</IsDefault>
    </image>
    <image>
      <Id>161</Id>
      <IdPrice>76</IdPrice>
      <ImageFile>100629160014.png</ImageFile>
      <ImageAlt></ImageAlt>
      <SortIndex>0</SortIndex>
      <IsDefault>1</IsDefault>
    </image>
    <image>
      <Id>162</Id>
      <IdPrice>77</IdPrice>
      <ImageFile>100629160544.png</ImageFile>
      <ImageAlt></ImageAlt>
      <SortIndex>0</SortIndex>
      <IsDefault>1</IsDefault>
    </image>
    <image>
      <Id>163</Id>
      <IdPrice>84</IdPrice>
      <ImageFile>100630124555.png</ImageFile>
      <ImageAlt></ImageAlt>
      <SortIndex>0</SortIndex>
      <IsDefault>1</IsDefault>
    </image>
    <image>
      <Id>164</Id>
      <IdPrice>87</IdPrice>
      <ImageFile>100630165045.png</ImageFile>
      <ImageAlt></ImageAlt>
      <SortIndex>0</SortIndex>
      <IsDefault>1</IsDefault>
    </image>
    <image>
      <Id>165</Id>
      <IdPrice>88</IdPrice>
      <ImageFile>100630131833.png</ImageFile>
      <ImageAlt></ImageAlt>
      <SortIndex>0</SortIndex>
      <IsDefault>1</IsDefault>
    </image>
    <image>
      <Id>166</Id>
      <IdPrice>89</IdPrice>
      <ImageFile>100630174232.png</ImageFile>
      <ImageAlt></ImageAlt>
      <SortIndex>0</SortIndex>
      <IsDefault>1</IsDefault>
    </image>
    <image>
      <Id>167</Id>
      <IdPrice>90</IdPrice>
      <ImageFile>100630174919.png</ImageFile>
      <ImageAlt></ImageAlt>
      <SortIndex>0</SortIndex>
      <IsDefault>1</IsDefault>
    </image>
    <image>
      <Id>168</Id>
      <IdPrice>91</IdPrice>
      <ImageFile>100630175045.png</ImageFile>
      <ImageAlt></ImageAlt>
      <SortIndex>0</SortIndex>
      <IsDefault>1</IsDefault>
    </image>
    <image>
      <Id>169</Id>
      <IdPrice>92</IdPrice>
      <ImageFile>100630175319.png</ImageFile>
      <ImageAlt></ImageAlt>
      <SortIndex>0</SortIndex>
      <IsDefault>1</IsDefault>
    </image>
    <image>
      <Id>170</Id>
      <IdPrice>93</IdPrice>
      <ImageFile>100630181221.png</ImageFile>
      <ImageAlt></ImageAlt>
      <SortIndex>0</SortIndex>
      <IsDefault>1</IsDefault>
    </image>
    <image>
      <Id>171</Id>
      <IdPrice>94</IdPrice>
      <ImageFile>100630181832.png</ImageFile>
      <ImageAlt></ImageAlt>
      <SortIndex>0</SortIndex>
      <IsDefault>1</IsDefault>
    </image>
    <image>
      <Id>172</Id>
      <IdPrice>95</IdPrice>
      <ImageFile>100630182139.png</ImageFile>
      <ImageAlt></ImageAlt>
      <SortIndex>0</SortIndex>
      <IsDefault>1</IsDefault>
    </image>
    <image>
      <Id>173</Id>
      <IdPrice>96</IdPrice>
      <ImageFile>100630182606.png</ImageFile>
      <ImageAlt></ImageAlt>
      <SortIndex>0</SortIndex>
      <IsDefault>1</IsDefault>
    </image>
    <image>
      <Id>174</Id>
      <IdPrice>97</IdPrice>
      <ImageFile>100630185210.png</ImageFile>
      <ImageAlt></ImageAlt>
      <SortIndex>0</SortIndex>
      <IsDefault>1</IsDefault>
    </image>
    <image>
      <Id>175</Id>
      <IdPrice>98</IdPrice>
      <ImageFile>100630185113.png</ImageFile>
      <ImageAlt></ImageAlt>
      <SortIndex>0</SortIndex>
      <IsDefault>1</IsDefault>
    </image>
    <image>
      <Id>176</Id>
      <IdPrice>99</IdPrice>
      <ImageFile>100630185415.png</ImageFile>
      <ImageAlt></ImageAlt>
      <SortIndex>0</SortIndex>
      <IsDefault>1</IsDefault>
    </image>
    <image>
      <Id>177</Id>
      <IdPrice>100</IdPrice>
      <ImageFile>100630185658.png</ImageFile>
      <ImageAlt></ImageAlt>
      <SortIndex>0</SortIndex>
      <IsDefault>1</IsDefault>
    </image>
    <image>
      <Id>178</Id>
      <IdPrice>101</IdPrice>
      <ImageFile>100630184754.jpg</ImageFile>
      <ImageAlt></ImageAlt>
      <SortIndex>0</SortIndex>
      <IsDefault>1</IsDefault>
    </image>
    <image>
      <Id>179</Id>
      <IdPrice>102</IdPrice>
      <ImageFile>100630185841.png</ImageFile>
      <ImageAlt></ImageAlt>
      <SortIndex>0</SortIndex>
      <IsDefault>1</IsDefault>
    </image>
    <image>
      <Id>180</Id>
      <IdPrice>103</IdPrice>
      <ImageFile>100630190103.png</ImageFile>
      <ImageAlt></ImageAlt>
      <SortIndex>0</SortIndex>
      <IsDefault>1</IsDefault>
    </image>
    <image>
      <Id>181</Id>
      <IdPrice>104</IdPrice>
      <ImageFile>100630235346.png</ImageFile>
      <ImageAlt></ImageAlt>
      <SortIndex>0</SortIndex>
      <IsDefault>1</IsDefault>
    </image>
    <image>
      <Id>182</Id>
      <IdPrice>105</IdPrice>
      <ImageFile>100630235523.png</ImageFile>
      <ImageAlt></ImageAlt>
      <SortIndex>0</SortIndex>
      <IsDefault>1</IsDefault>
    </image>
    <image>
      <Id>183</Id>
      <IdPrice>106</IdPrice>
      <ImageFile>100701000058.png</ImageFile>
      <ImageAlt></ImageAlt>
      <SortIndex>0</SortIndex>
      <IsDefault>1</IsDefault>
    </image>
    <image>
      <Id>184</Id>
      <IdPrice>107</IdPrice>
      <ImageFile>100701000830.png</ImageFile>
      <ImageAlt></ImageAlt>
      <SortIndex>0</SortIndex>
      <IsDefault>1</IsDefault>
    </image>
    <image>
      <Id>185</Id>
      <IdPrice>108</IdPrice>
      <ImageFile>100701001439.png</ImageFile>
      <ImageAlt></ImageAlt>
      <SortIndex>0</SortIndex>
      <IsDefault>1</IsDefault>
    </image>
    <image>
      <Id>186</Id>
      <IdPrice>109</IdPrice>
      <ImageFile>100701111950.png</ImageFile>
      <ImageAlt></ImageAlt>
      <SortIndex>0</SortIndex>
      <IsDefault>1</IsDefault>
    </image>
    <image>
      <Id>187</Id>
      <IdPrice>110</IdPrice>
      <ImageFile>100701112059.png</ImageFile>
      <ImageAlt></ImageAlt>
      <SortIndex>0</SortIndex>
      <IsDefault>1</IsDefault>
    </image>
    <image>
      <Id>188</Id>
      <IdPrice>111</IdPrice>
      <ImageFile>100701112237.png</ImageFile>
      <ImageAlt></ImageAlt>
      <SortIndex>0</SortIndex>
      <IsDefault>1</IsDefault>
    </image>
    <image>
      <Id>189</Id>
      <IdPrice>112</IdPrice>
      <ImageFile>100701112522.png</ImageFile>
      <ImageAlt></ImageAlt>
      <SortIndex>0</SortIndex>
      <IsDefault>1</IsDefault>
    </image>
    <image>
      <Id>190</Id>
      <IdPrice>113</IdPrice>
      <ImageFile>100701112628.png</ImageFile>
      <ImageAlt></ImageAlt>
      <SortIndex>0</SortIndex>
      <IsDefault>1</IsDefault>
    </image>
    <image>
      <Id>191</Id>
      <IdPrice>114</IdPrice>
      <ImageFile>100701112710.png</ImageFile>
      <ImageAlt></ImageAlt>
      <SortIndex>0</SortIndex>
      <IsDefault>1</IsDefault>
    </image>
    <image>
      <Id>192</Id>
      <IdPrice>115</IdPrice>
      <ImageFile>100701113236.png</ImageFile>
      <ImageAlt></ImageAlt>
      <SortIndex>0</SortIndex>
      <IsDefault>1</IsDefault>
    </image>
    <image>
      <Id>193</Id>
      <IdPrice>116</IdPrice>
      <ImageFile>100701113304.png</ImageFile>
      <ImageAlt></ImageAlt>
      <SortIndex>0</SortIndex>
      <IsDefault>1</IsDefault>
    </image>
    <image>
      <Id>194</Id>
      <IdPrice>117</IdPrice>
      <ImageFile>100701113846.png</ImageFile>
      <ImageAlt></ImageAlt>
      <SortIndex>0</SortIndex>
      <IsDefault>1</IsDefault>
    </image>
    <image>
      <Id>195</Id>
      <IdPrice>118</IdPrice>
      <ImageFile>100701114110.png</ImageFile>
      <ImageAlt></ImageAlt>
      <SortIndex>0</SortIndex>
      <IsDefault>1</IsDefault>
    </image>
    <image>
      <Id>196</Id>
      <IdPrice>119</IdPrice>
      <ImageFile>100701114303.png</ImageFile>
      <ImageAlt></ImageAlt>
      <SortIndex>0</SortIndex>
      <IsDefault>1</IsDefault>
    </image>
    <image>
      <Id>197</Id>
      <IdPrice>120</IdPrice>
      <ImageFile>100701114521.png</ImageFile>
      <ImageAlt></ImageAlt>
      <SortIndex>0</SortIndex>
      <IsDefault>1</IsDefault>
    </image>
    <image>
      <Id>198</Id>
      <IdPrice>121</IdPrice>
      <ImageFile>100701114900.png</ImageFile>
      <ImageAlt></ImageAlt>
      <SortIndex>0</SortIndex>
      <IsDefault>1</IsDefault>
    </image>
    <image>
      <Id>199</Id>
      <IdPrice>122</IdPrice>
      <ImageFile>100701114923.png</ImageFile>
      <ImageAlt></ImageAlt>
      <SortIndex>0</SortIndex>
      <IsDefault>1</IsDefault>
    </image>
    <image>
      <Id>200</Id>
      <IdPrice>123</IdPrice>
      <ImageFile>100701115743.png</ImageFile>
      <ImageAlt></ImageAlt>
      <SortIndex>0</SortIndex>
      <IsDefault>1</IsDefault>
    </image>
    <image>
      <Id>201</Id>
      <IdPrice>124</IdPrice>
      <ImageFile>100701120539.png</ImageFile>
      <ImageAlt></ImageAlt>
      <SortIndex>0</SortIndex>
      <IsDefault>1</IsDefault>
    </image>
    <image>
      <Id>202</Id>
      <IdPrice>125</IdPrice>
      <ImageFile>100701121037.png</ImageFile>
      <ImageAlt></ImageAlt>
      <SortIndex>0</SortIndex>
      <IsDefault>1</IsDefault>
    </image>
    <image>
      <Id>203</Id>
      <IdPrice>126</IdPrice>
      <ImageFile>100701121555.png</ImageFile>
      <ImageAlt></ImageAlt>
      <SortIndex>0</SortIndex>
      <IsDefault>1</IsDefault>
    </image>
    <image>
      <Id>204</Id>
      <IdPrice>127</IdPrice>
      <ImageFile>100701122015.png</ImageFile>
      <ImageAlt></ImageAlt>
      <SortIndex>0</SortIndex>
      <IsDefault>1</IsDefault>
    </image>
    <image>
      <Id>205</Id>
      <IdPrice>128</IdPrice>
      <ImageFile>100701122328.png</ImageFile>
      <ImageAlt></ImageAlt>
      <SortIndex>0</SortIndex>
      <IsDefault>1</IsDefault>
    </image>
    <image>
      <Id>206</Id>
      <IdPrice>129</IdPrice>
      <ImageFile>100701123117.png</ImageFile>
      <ImageAlt></ImageAlt>
      <SortIndex>0</SortIndex>
      <IsDefault>1</IsDefault>
    </image>
    <image>
      <Id>207</Id>
      <IdPrice>130</IdPrice>
      <ImageFile>100701123735.png</ImageFile>
      <ImageAlt></ImageAlt>
      <SortIndex>0</SortIndex>
      <IsDefault>1</IsDefault>
    </image>
    <image>
      <Id>208</Id>
      <IdPrice>131</IdPrice>
      <ImageFile>100701124333.png</ImageFile>
      <ImageAlt></ImageAlt>
      <SortIndex>0</SortIndex>
      <IsDefault>1</IsDefault>
    </image>
    <image>
      <Id>209</Id>
      <IdPrice>132</IdPrice>
      <ImageFile>100701124659.png</ImageFile>
      <ImageAlt></ImageAlt>
      <SortIndex>0</SortIndex>
      <IsDefault>1</IsDefault>
    </image>
    <image>
      <Id>210</Id>
      <IdPrice>133</IdPrice>
      <ImageFile>100705124205.png</ImageFile>
      <ImageAlt></ImageAlt>
      <SortIndex>0</SortIndex>
      <IsDefault>1</IsDefault>
    </image>
    <image>
      <Id>211</Id>
      <IdPrice>134</IdPrice>
      <ImageFile>100705124527.png</ImageFile>
      <ImageAlt></ImageAlt>
      <SortIndex>0</SortIndex>
      <IsDefault>1</IsDefault>
    </image>
    <image>
      <Id>212</Id>
      <IdPrice>135</IdPrice>
      <ImageFile>100705124937.png</ImageFile>
      <ImageAlt></ImageAlt>
      <SortIndex>0</SortIndex>
      <IsDefault>1</IsDefault>
    </image>
    <image>
      <Id>213</Id>
      <IdPrice>136</IdPrice>
      <ImageFile>100705130307.png</ImageFile>
      <ImageAlt></ImageAlt>
      <SortIndex>0</SortIndex>
      <IsDefault>1</IsDefault>
    </image>
    <image>
      <Id>214</Id>
      <IdPrice>137</IdPrice>
      <ImageFile>100705130859.png</ImageFile>
      <ImageAlt></ImageAlt>
      <SortIndex>0</SortIndex>
      <IsDefault>1</IsDefault>
    </image>
    <image>
      <Id>215</Id>
      <IdPrice>138</IdPrice>
      <ImageFile>100705131342.png</ImageFile>
      <ImageAlt></ImageAlt>
      <SortIndex>0</SortIndex>
      <IsDefault>1</IsDefault>
    </image>
    <image>
      <Id>216</Id>
      <IdPrice>139</IdPrice>
      <ImageFile>100705131607.png</ImageFile>
      <ImageAlt></ImageAlt>
      <SortIndex>0</SortIndex>
      <IsDefault>1</IsDefault>
    </image>
    <image>
      <Id>217</Id>
      <IdPrice>140</IdPrice>
      <ImageFile>100705132102.png</ImageFile>
      <ImageAlt></ImageAlt>
      <SortIndex>0</SortIndex>
      <IsDefault>1</IsDefault>
    </image>
    <image>
      <Id>218</Id>
      <IdPrice>141</IdPrice>
      <ImageFile>100705132735.png</ImageFile>
      <ImageAlt></ImageAlt>
      <SortIndex>0</SortIndex>
      <IsDefault>1</IsDefault>
    </image>
    <image>
      <Id>219</Id>
      <IdPrice>142</IdPrice>
      <ImageFile>100705132822.png</ImageFile>
      <ImageAlt></ImageAlt>
      <SortIndex>0</SortIndex>
      <IsDefault>1</IsDefault>
    </image>
    <image>
      <Id>220</Id>
      <IdPrice>143</IdPrice>
      <ImageFile>100705133055.png</ImageFile>
      <ImageAlt></ImageAlt>
      <SortIndex>0</SortIndex>
      <IsDefault>1</IsDefault>
    </image>
    <image>
      <Id>221</Id>
      <IdPrice>144</IdPrice>
      <ImageFile>100705133651.png</ImageFile>
      <ImageAlt></ImageAlt>
      <SortIndex>0</SortIndex>
      <IsDefault>1</IsDefault>
    </image>
    <image>
      <Id>222</Id>
      <IdPrice>145</IdPrice>
      <ImageFile>100705133800.png</ImageFile>
      <ImageAlt></ImageAlt>
      <SortIndex>0</SortIndex>
      <IsDefault>1</IsDefault>
    </image>
    <image>
      <Id>223</Id>
      <IdPrice>146</IdPrice>
      <ImageFile>100705133902.png</ImageFile>
      <ImageAlt></ImageAlt>
      <SortIndex>0</SortIndex>
      <IsDefault>1</IsDefault>
    </image>
    <image>
      <Id>224</Id>
      <IdPrice>147</IdPrice>
      <ImageFile>100705134027.png</ImageFile>
      <ImageAlt></ImageAlt>
      <SortIndex>0</SortIndex>
      <IsDefault>1</IsDefault>
    </image>
    <image>
      <Id>225</Id>
      <IdPrice>148</IdPrice>
      <ImageFile>100706130250.png</ImageFile>
      <ImageAlt></ImageAlt>
      <SortIndex>0</SortIndex>
      <IsDefault>1</IsDefault>
    </image>
    <image>
      <Id>226</Id>
      <IdPrice>149</IdPrice>
      <ImageFile>100706130330.png</ImageFile>
      <ImageAlt></ImageAlt>
      <SortIndex>0</SortIndex>
      <IsDefault>1</IsDefault>
    </image>
    <image>
      <Id>227</Id>
      <IdPrice>150</IdPrice>
      <ImageFile>100706130346.png</ImageFile>
      <ImageAlt></ImageAlt>
      <SortIndex>0</SortIndex>
      <IsDefault>1</IsDefault>
    </image>
    <image>
      <Id>228</Id>
      <IdPrice>151</IdPrice>
      <ImageFile>100706130405.png</ImageFile>
      <ImageAlt></ImageAlt>
      <SortIndex>0</SortIndex>
      <IsDefault>1</IsDefault>
    </image>
    <image>
      <Id>229</Id>
      <IdPrice>152</IdPrice>
      <ImageFile>100706130437.png</ImageFile>
      <ImageAlt></ImageAlt>
      <SortIndex>0</SortIndex>
      <IsDefault>1</IsDefault>
    </image>
    <image>
      <Id>230</Id>
      <IdPrice>153</IdPrice>
      <ImageFile>100706130457.png</ImageFile>
      <ImageAlt></ImageAlt>
      <SortIndex>0</SortIndex>
      <IsDefault>1</IsDefault>
    </image>
    <image>
      <Id>231</Id>
      <IdPrice>154</IdPrice>
      <ImageFile>100706130522.png</ImageFile>
      <ImageAlt></ImageAlt>
      <SortIndex>0</SortIndex>
      <IsDefault>1</IsDefault>
    </image>
    <image>
      <Id>232</Id>
      <IdPrice>155</IdPrice>
      <ImageFile>100706130539.png</ImageFile>
      <ImageAlt></ImageAlt>
      <SortIndex>0</SortIndex>
      <IsDefault>1</IsDefault>
    </image>
    <image>
      <Id>233</Id>
      <IdPrice>156</IdPrice>
      <ImageFile>100706130607.png</ImageFile>
      <ImageAlt></ImageAlt>
      <SortIndex>0</SortIndex>
      <IsDefault>1</IsDefault>
    </image>
    <image>
      <Id>234</Id>
      <IdPrice>157</IdPrice>
      <ImageFile>100909132720.png</ImageFile>
      <ImageAlt></ImageAlt>
      <SortIndex>0</SortIndex>
      <IsDefault>1</IsDefault>
    </image>
    <image>
      <Id>235</Id>
      <IdPrice>158</IdPrice>
      <ImageFile>100909133208.png</ImageFile>
      <ImageAlt></ImageAlt>
      <SortIndex>0</SortIndex>
      <IsDefault>1</IsDefault>
    </image>
    <image>
      <Id>236</Id>
      <IdPrice>159</IdPrice>
      <ImageFile>100909133906.png</ImageFile>
      <ImageAlt></ImageAlt>
      <SortIndex>0</SortIndex>
      <IsDefault>1</IsDefault>
    </image>
    <image>
      <Id>237</Id>
      <IdPrice>160</IdPrice>
      <ImageFile>100909134446.png</ImageFile>
      <ImageAlt></ImageAlt>
      <SortIndex>0</SortIndex>
      <IsDefault>1</IsDefault>
    </image>
    <image>
      <Id>238</Id>
      <IdPrice>161</IdPrice>
      <ImageFile>100909135011.png</ImageFile>
      <ImageAlt></ImageAlt>
      <SortIndex>0</SortIndex>
      <IsDefault>1</IsDefault>
    </image>
    <image>
      <Id>239</Id>
      <IdPrice>162</IdPrice>
      <ImageFile>100909135712.png</ImageFile>
      <ImageAlt></ImageAlt>
      <SortIndex>0</SortIndex>
      <IsDefault>1</IsDefault>
    </image>
    <image>
      <Id>240</Id>
      <IdPrice>163</IdPrice>
      <ImageFile>100909143250.png</ImageFile>
      <ImageAlt></ImageAlt>
      <SortIndex>0</SortIndex>
      <IsDefault>1</IsDefault>
    </image>
    <image>
      <Id>241</Id>
      <IdPrice>164</IdPrice>
      <ImageFile>100909150424.png</ImageFile>
      <ImageAlt></ImageAlt>
      <SortIndex>0</SortIndex>
      <IsDefault>1</IsDefault>
    </image>
    <image>
      <Id>242</Id>
      <IdPrice>165</IdPrice>
      <ImageFile>100909151720.png</ImageFile>
      <ImageAlt></ImageAlt>
      <SortIndex>0</SortIndex>
      <IsDefault>1</IsDefault>
    </image>
    <image>
      <Id>243</Id>
      <IdPrice>166</IdPrice>
      <ImageFile>100909152725.png</ImageFile>
      <ImageAlt></ImageAlt>
      <SortIndex>0</SortIndex>
      <IsDefault>1</IsDefault>
    </image>
    <image>
      <Id>244</Id>
      <IdPrice>167</IdPrice>
      <ImageFile>100909153600.png</ImageFile>
      <ImageAlt></ImageAlt>
      <SortIndex>0</SortIndex>
      <IsDefault>1</IsDefault>
    </image>
    <image>
      <Id>245</Id>
      <IdPrice>168</IdPrice>
      <ImageFile>100909154238.png</ImageFile>
      <ImageAlt></ImageAlt>
      <SortIndex>0</SortIndex>
      <IsDefault>1</IsDefault>
    </image>
    <image>
      <Id>246</Id>
      <IdPrice>169</IdPrice>
      <ImageFile>100910165025.png</ImageFile>
      <ImageAlt></ImageAlt>
      <SortIndex>0</SortIndex>
      <IsDefault>1</IsDefault>
    </image>
    <image>
      <Id>247</Id>
      <IdPrice>170</IdPrice>
      <ImageFile>100910172628.png</ImageFile>
      <ImageAlt></ImageAlt>
      <SortIndex>0</SortIndex>
      <IsDefault>1</IsDefault>
    </image>
    <image>
      <Id>248</Id>
      <IdPrice>171</IdPrice>
      <ImageFile>odegda_k2.png</ImageFile>
      <ImageAlt></ImageAlt>
      <SortIndex>0</SortIndex>
      <IsDefault>1</IsDefault>
    </image>
    <image>
      <Id>249</Id>
      <IdPrice>172</IdPrice>
      <ImageFile>odegda_k5.png</ImageFile>
      <ImageAlt></ImageAlt>
      <SortIndex>0</SortIndex>
      <IsDefault>1</IsDefault>
    </image>
    <image>
      <Id>250</Id>
      <IdPrice>173</IdPrice>
      <ImageFile>odegda_k6.png</ImageFile>
      <ImageAlt></ImageAlt>
      <SortIndex>0</SortIndex>
      <IsDefault>1</IsDefault>
    </image>
    <image>
      <Id>251</Id>
      <IdPrice>174</IdPrice>
      <ImageFile>odegda_k7.png</ImageFile>
      <ImageAlt></ImageAlt>
      <SortIndex>0</SortIndex>
      <IsDefault>1</IsDefault>
    </image>
    <image>
      <Id>252</Id>
      <IdPrice>175</IdPrice>
      <ImageFile>odegda_k8.png</ImageFile>
      <ImageAlt></ImageAlt>
      <SortIndex>0</SortIndex>
      <IsDefault>1</IsDefault>
    </image>
    <image>
      <Id>253</Id>
      <IdPrice>176</IdPrice>
      <ImageFile>odegda_k9.png</ImageFile>
      <ImageAlt></ImageAlt>
      <SortIndex>0</SortIndex>
      <IsDefault>1</IsDefault>
    </image>
    <image>
      <Id>254</Id>
      <IdPrice>177</IdPrice>
      <ImageFile>odegda_k4.png</ImageFile>
      <ImageAlt></ImageAlt>
      <SortIndex>0</SortIndex>
      <IsDefault>1</IsDefault>
    </image>
    <image>
      <Id>255</Id>
      <IdPrice>178</IdPrice>
      <ImageFile>odegda_w1.png</ImageFile>
      <ImageAlt></ImageAlt>
      <SortIndex>0</SortIndex>
      <IsDefault>1</IsDefault>
    </image>
    <image>
      <Id>256</Id>
      <IdPrice>179</IdPrice>
      <ImageFile>odegda_w2.png</ImageFile>
      <ImageAlt></ImageAlt>
      <SortIndex>0</SortIndex>
      <IsDefault>1</IsDefault>
    </image>
    <image>
      <Id>257</Id>
      <IdPrice>180</IdPrice>
      <ImageFile>odegda_w3.png</ImageFile>
      <ImageAlt></ImageAlt>
      <SortIndex>0</SortIndex>
      <IsDefault>1</IsDefault>
    </image>
    <image>
      <Id>258</Id>
      <IdPrice>181</IdPrice>
      <ImageFile>odegda_w4.png</ImageFile>
      <ImageAlt></ImageAlt>
      <SortIndex>0</SortIndex>
      <IsDefault>1</IsDefault>
    </image>
    <image>
      <Id>259</Id>
      <IdPrice>182</IdPrice>
      <ImageFile>odegda_w5.png</ImageFile>
      <ImageAlt></ImageAlt>
      <SortIndex>0</SortIndex>
      <IsDefault>1</IsDefault>
    </image>
    <image>
      <Id>260</Id>
      <IdPrice>183</IdPrice>
      <ImageFile>odegda_w6.png</ImageFile>
      <ImageAlt></ImageAlt>
      <SortIndex>0</SortIndex>
      <IsDefault>1</IsDefault>
    </image>
    <image>
      <Id>261</Id>
      <IdPrice>184</IdPrice>
      <ImageFile>odegda_w7.png</ImageFile>
      <ImageAlt></ImageAlt>
      <SortIndex>0</SortIndex>
      <IsDefault>1</IsDefault>
    </image>
    <image>
      <Id>262</Id>
      <IdPrice>185</IdPrice>
      <ImageFile>odegda_w8.png</ImageFile>
      <ImageAlt></ImageAlt>
      <SortIndex>0</SortIndex>
      <IsDefault>1</IsDefault>
    </image>
    <image>
      <Id>263</Id>
      <IdPrice>186</IdPrice>
      <ImageFile>odegda_w9.png</ImageFile>
      <ImageAlt></ImageAlt>
      <SortIndex>0</SortIndex>
      <IsDefault>1</IsDefault>
    </image>
    <image>
      <Id>264</Id>
      <IdPrice>187</IdPrice>
      <ImageFile>odegda_m1.png</ImageFile>
      <ImageAlt></ImageAlt>
      <SortIndex>0</SortIndex>
      <IsDefault>1</IsDefault>
    </image>
    <image>
      <Id>265</Id>
      <IdPrice>188</IdPrice>
      <ImageFile>odegda_m10.png</ImageFile>
      <ImageAlt></ImageAlt>
      <SortIndex>0</SortIndex>
      <IsDefault>1</IsDefault>
    </image>
    <image>
      <Id>266</Id>
      <IdPrice>189</IdPrice>
      <ImageFile>odegda_m11.png</ImageFile>
      <ImageAlt></ImageAlt>
      <SortIndex>0</SortIndex>
      <IsDefault>1</IsDefault>
    </image>
    <image>
      <Id>267</Id>
      <IdPrice>190</IdPrice>
      <ImageFile>odegda_m2.png</ImageFile>
      <ImageAlt></ImageAlt>
      <SortIndex>0</SortIndex>
      <IsDefault>1</IsDefault>
    </image>
    <image>
      <Id>268</Id>
      <IdPrice>191</IdPrice>
      <ImageFile>odegda_m3.png</ImageFile>
      <ImageAlt></ImageAlt>
      <SortIndex>0</SortIndex>
      <IsDefault>1</IsDefault>
    </image>
    <image>
      <Id>269</Id>
      <IdPrice>192</IdPrice>
      <ImageFile>odegda_m4.png</ImageFile>
      <ImageAlt></ImageAlt>
      <SortIndex>0</SortIndex>
      <IsDefault>1</IsDefault>
    </image>
    <image>
      <Id>270</Id>
      <IdPrice>193</IdPrice>
      <ImageFile>odegda_m5.png</ImageFile>
      <ImageAlt></ImageAlt>
      <SortIndex>0</SortIndex>
      <IsDefault>1</IsDefault>
    </image>
    <image>
      <Id>271</Id>
      <IdPrice>194</IdPrice>
      <ImageFile>odegda_m6.png</ImageFile>
      <ImageAlt></ImageAlt>
      <SortIndex>0</SortIndex>
      <IsDefault>1</IsDefault>
    </image>
    <image>
      <Id>272</Id>
      <IdPrice>195</IdPrice>
      <ImageFile>odegda_m7.png</ImageFile>
      <ImageAlt></ImageAlt>
      <SortIndex>0</SortIndex>
      <IsDefault>1</IsDefault>
    </image>
    <image>
      <Id>273</Id>
      <IdPrice>196</IdPrice>
      <ImageFile>odegda_m8.png</ImageFile>
      <ImageAlt></ImageAlt>
      <SortIndex>0</SortIndex>
      <IsDefault>1</IsDefault>
    </image>
    <image>
      <Id>274</Id>
      <IdPrice>197</IdPrice>
      <ImageFile>odegda_m9.png</ImageFile>
      <ImageAlt></ImageAlt>
      <SortIndex>0</SortIndex>
      <IsDefault>1</IsDefault>
    </image>
    <image>
      <Id>275</Id>
      <IdPrice>198</IdPrice>
      <ImageFile>odegda_obuv1.png</ImageFile>
      <ImageAlt></ImageAlt>
      <SortIndex>0</SortIndex>
      <IsDefault>1</IsDefault>
    </image>
    <image>
      <Id>276</Id>
      <IdPrice>199</IdPrice>
      <ImageFile>imageview.jpg</ImageFile>
      <ImageAlt></ImageAlt>
      <SortIndex>0</SortIndex>
      <IsDefault>1</IsDefault>
    </image>
  </images>
  <groups>
    <group>
      <Id>1</Id>
      <IdParent>26</IdParent>
      <IdShop>1</IdShop>
      <IsActive>Y</IsActive>
      <Code>1</Code>
      <SortIndex>1</SortIndex>
      <Name>Ноутбуки</Name>
      <ImageFile>100720163031.png</ImageFile>
      <ImageAlt></ImageAlt>
      <Description></Description>
      <FullDescription></FullDescription>
      <SeoHeader></SeoHeader>
      <SeoKeywords></SeoKeywords>
      <SeoDescription></SeoDescription>
      <Language>rus</Language>
    </group>
    <group>
      <Id>2</Id>
      <IdParent>26</IdParent>
      <IdShop>1</IdShop>
      <IsActive>Y</IsActive>
      <Code>2</Code>
      <SortIndex>2</SortIndex>
      <Name>Телефоны</Name>
      <ImageFile>100720141023.png</ImageFile>
      <ImageAlt></ImageAlt>
      <Description></Description>
      <FullDescription></FullDescription>
      <SeoHeader></SeoHeader>
      <SeoKeywords></SeoKeywords>
      <SeoDescription></SeoDescription>
      <Language>rus</Language>
    </group>
    <group>
      <Id>3</Id>
      <IdParent></IdParent>
      <IdShop>1</IdShop>
      <IsActive>Y</IsActive>
      <Code>3</Code>
      <SortIndex>1</SortIndex>
      <Name>CMS</Name>
      <ImageFile>100720141043.png</ImageFile>
      <ImageAlt></ImageAlt>
      <Description>&lt;img src="http://templates.siteedit.ru/images/shop/default/100720141043.png" style="float:left;margin:0 10px 10px"&gt;
Раздел содержит программное обеспечение для создания и управлениям сайтами. Ассортимент товаров будет интересен как для программистов, так и для дизайнеров и менеджеров.  &lt;div&gt;&lt;br&gt;&lt;/div&gt;</Description>
      <FullDescription></FullDescription>
      <SeoHeader></SeoHeader>
      <SeoKeywords></SeoKeywords>
      <SeoDescription></SeoDescription>
      <Language>rus</Language>
    </group>
    <group>
      <Id>5</Id>
      <IdParent>26</IdParent>
      <IdShop>1</IdShop>
      <IsActive>Y</IsActive>
      <Code>5</Code>
      <SortIndex>0</SortIndex>
      <Name>Телевизоры</Name>
      <ImageFile>100720163011.png</ImageFile>
      <ImageAlt></ImageAlt>
      <Description></Description>
      <FullDescription></FullDescription>
      <SeoHeader></SeoHeader>
      <SeoKeywords></SeoKeywords>
      <SeoDescription></SeoDescription>
      <Language>rus</Language>
    </group>
    <group>
      <Id>8</Id>
      <IdParent></IdParent>
      <IdShop>1</IdShop>
      <IsActive>Y</IsActive>
      <Code>8</Code>
      <SortIndex>3</SortIndex>
      <Name>Увелирные украшения</Name>
      <ImageFile>100720140954.png</ImageFile>
      <ImageAlt></ImageAlt>
      <Description>Приглашаем девушек в нашу ювелирную лавочку. Золото, серебро, бижутерия любой высокой пробы. Вы найдете для себя кольца, подвески, сережки, кулоны, золотые и серебряные украшения. Наши увелиры стараются ради вашей красоты.</Description>
      <FullDescription></FullDescription>
      <SeoHeader></SeoHeader>
      <SeoKeywords></SeoKeywords>
      <SeoDescription></SeoDescription>
      <Language>rus</Language>
    </group>
    <group>
      <Id>11</Id>
      <IdParent>3</IdParent>
      <IdShop>1</IdShop>
      <IsActive>Y</IsActive>
      <Code>11</Code>
      <SortIndex>0</SortIndex>
      <Name>SiteEdit</Name>
      <ImageFile>100720141043.png</ImageFile>
      <ImageAlt></ImageAlt>
      <Description>rterterter</Description>
      <FullDescription>543543543</FullDescription>
      <SeoHeader></SeoHeader>
      <SeoKeywords></SeoKeywords>
      <SeoDescription></SeoDescription>
      <Language>rus</Language>
    </group>
    <group>
      <Id>12</Id>
      <IdParent>8</IdParent>
      <IdShop>1</IdShop>
      <IsActive>Y</IsActive>
      <Code>12</Code>
      <SortIndex>7</SortIndex>
      <Name>Кольца</Name>
      <ImageFile>100720174331.png</ImageFile>
      <ImageAlt></ImageAlt>
      <Description></Description>
      <FullDescription></FullDescription>
      <SeoHeader></SeoHeader>
      <SeoKeywords></SeoKeywords>
      <SeoDescription></SeoDescription>
      <Language>rus</Language>
    </group>
    <group>
      <Id>13</Id>
      <IdParent>8</IdParent>
      <IdShop>1</IdShop>
      <IsActive>Y</IsActive>
      <Code>13</Code>
      <SortIndex>6</SortIndex>
      <Name>Браслеты</Name>
      <ImageFile>100720163122.png</ImageFile>
      <ImageAlt></ImageAlt>
      <Description></Description>
      <FullDescription></FullDescription>
      <SeoHeader></SeoHeader>
      <SeoKeywords></SeoKeywords>
      <SeoDescription></SeoDescription>
      <Language>rus</Language>
    </group>
    <group>
      <Id>16</Id>
      <IdParent>8</IdParent>
      <IdShop>1</IdShop>
      <IsActive>Y</IsActive>
      <Code>16</Code>
      <SortIndex>5</SortIndex>
      <Name>Серьги</Name>
      <ImageFile>100720174353.png</ImageFile>
      <ImageAlt></ImageAlt>
      <Description></Description>
      <FullDescription></FullDescription>
      <SeoHeader></SeoHeader>
      <SeoKeywords></SeoKeywords>
      <SeoDescription></SeoDescription>
      <Language>rus</Language>
    </group>
    <group>
      <Id>17</Id>
      <IdParent>8</IdParent>
      <IdShop>1</IdShop>
      <IsActive>Y</IsActive>
      <Code>17</Code>
      <SortIndex>4</SortIndex>
      <Name>Кулоны</Name>
      <ImageFile>100720174421.png</ImageFile>
      <ImageAlt></ImageAlt>
      <Description></Description>
      <FullDescription></FullDescription>
      <SeoHeader></SeoHeader>
      <SeoKeywords></SeoKeywords>
      <SeoDescription></SeoDescription>
      <Language>rus</Language>
    </group>
    <group>
      <Id>18</Id>
      <IdParent>8</IdParent>
      <IdShop>1</IdShop>
      <IsActive>Y</IsActive>
      <Code>18</Code>
      <SortIndex>3</SortIndex>
      <Name>Цепи</Name>
      <ImageFile>100720174442.png</ImageFile>
      <ImageAlt></ImageAlt>
      <Description></Description>
      <FullDescription></FullDescription>
      <SeoHeader></SeoHeader>
      <SeoKeywords></SeoKeywords>
      <SeoDescription></SeoDescription>
      <Language>rus</Language>
    </group>
    <group>
      <Id>19</Id>
      <IdParent>48</IdParent>
      <IdShop>1</IdShop>
      <IsActive>Y</IsActive>
      <Code>19</Code>
      <SortIndex>2</SortIndex>
      <Name>Часы женские</Name>
      <ImageFile>100720174535.png</ImageFile>
      <ImageAlt></ImageAlt>
      <Description></Description>
      <FullDescription></FullDescription>
      <SeoHeader></SeoHeader>
      <SeoKeywords></SeoKeywords>
      <SeoDescription></SeoDescription>
      <Language>rus</Language>
    </group>
    <group>
      <Id>21</Id>
      <IdParent>8</IdParent>
      <IdShop>1</IdShop>
      <IsActive>N</IsActive>
      <Code>21</Code>
      <SortIndex>8</SortIndex>
      <Name>Комплекты</Name>
      <ImageFile></ImageFile>
      <ImageAlt></ImageAlt>
      <Description></Description>
      <FullDescription></FullDescription>
      <SeoHeader></SeoHeader>
      <SeoKeywords></SeoKeywords>
      <SeoDescription></SeoDescription>
      <Language>rus</Language>
    </group>
    <group>
      <Id>26</Id>
      <IdParent></IdParent>
      <IdShop>1</IdShop>
      <IsActive>Y</IsActive>
      <Code>26</Code>
      <SortIndex>2</SortIndex>
      <Name>Бытовая техника</Name>
      <ImageFile>100720140030.png</ImageFile>
      <ImageAlt></ImageAlt>
      <Description>В данном разделе присутствует практически вся бытовая техника для дома и офиса. Ищите мощную акустическую систему, компьютер, холодильник или газовую плиту: все есть у нас. Исходя из большого спроса мы периодически пополняет ассортимент наших товаров. На сегодняшний день мы являемся крупнейшим супермаркетом по продаже бытовой техники и электроники.</Description>
      <FullDescription></FullDescription>
      <SeoHeader></SeoHeader>
      <SeoKeywords></SeoKeywords>
      <SeoDescription></SeoDescription>
      <Language>rus</Language>
    </group>
    <group>
      <Id>29</Id>
      <IdParent>48</IdParent>
      <IdShop>1</IdShop>
      <IsActive>Y</IsActive>
      <Code>29</Code>
      <SortIndex>1</SortIndex>
      <Name>Часы мужские</Name>
      <ImageFile>100720174517.png</ImageFile>
      <ImageAlt></ImageAlt>
      <Description></Description>
      <FullDescription></FullDescription>
      <SeoHeader></SeoHeader>
      <SeoKeywords></SeoKeywords>
      <SeoDescription></SeoDescription>
      <Language>rus</Language>
    </group>
    <group>
      <Id>30</Id>
      <IdParent>26</IdParent>
      <IdShop>1</IdShop>
      <IsActive>Y</IsActive>
      <Code>30</Code>
      <SortIndex>4</SortIndex>
      <Name>Посуда</Name>
      <ImageFile>pocuda_9.png</ImageFile>
      <ImageAlt></ImageAlt>
      <Description></Description>
      <FullDescription></FullDescription>
      <SeoHeader></SeoHeader>
      <SeoKeywords></SeoKeywords>
      <SeoDescription></SeoDescription>
      <Language>rus</Language>
    </group>
    <group>
      <Id>31</Id>
      <IdParent></IdParent>
      <IdShop>1</IdShop>
      <IsActive>Y</IsActive>
      <Code>31</Code>
      <SortIndex>4</SortIndex>
      <Name>Одежда</Name>
      <ImageFile>odegda_w6.png</ImageFile>
      <ImageAlt></ImageAlt>
      <Description>В этой группе Вы сможет подобрать женсткую, мужскую и детскую одежду на любой вкус, а также аксессуары.</Description>
      <FullDescription></FullDescription>
      <SeoHeader></SeoHeader>
      <SeoKeywords></SeoKeywords>
      <SeoDescription></SeoDescription>
      <Language>rus</Language>
    </group>
    <group>
      <Id>32</Id>
      <IdParent>31</IdParent>
      <IdShop>1</IdShop>
      <IsActive>Y</IsActive>
      <Code>32</Code>
      <SortIndex>0</SortIndex>
      <Name>Женская одежда</Name>
      <ImageFile></ImageFile>
      <ImageAlt></ImageAlt>
      <Description></Description>
      <FullDescription></FullDescription>
      <SeoHeader></SeoHeader>
      <SeoKeywords></SeoKeywords>
      <SeoDescription></SeoDescription>
      <Language>rus</Language>
    </group>
    <group>
      <Id>33</Id>
      <IdParent>31</IdParent>
      <IdShop>1</IdShop>
      <IsActive>Y</IsActive>
      <Code>33</Code>
      <SortIndex>1</SortIndex>
      <Name>Детская одежда</Name>
      <ImageFile></ImageFile>
      <ImageAlt></ImageAlt>
      <Description></Description>
      <FullDescription></FullDescription>
      <SeoHeader></SeoHeader>
      <SeoKeywords></SeoKeywords>
      <SeoDescription></SeoDescription>
      <Language>rus</Language>
    </group>
    <group>
      <Id>34</Id>
      <IdParent>31</IdParent>
      <IdShop>1</IdShop>
      <IsActive>Y</IsActive>
      <Code>34</Code>
      <SortIndex>2</SortIndex>
      <Name>Мужская одежда</Name>
      <ImageFile></ImageFile>
      <ImageAlt></ImageAlt>
      <Description></Description>
      <FullDescription></FullDescription>
      <SeoHeader></SeoHeader>
      <SeoKeywords></SeoKeywords>
      <SeoDescription></SeoDescription>
      <Language>rus</Language>
    </group>
    <group>
      <Id>35</Id>
      <IdParent></IdParent>
      <IdShop>1</IdShop>
      <IsActive>Y</IsActive>
      <Code>15</Code>
      <SortIndex>0</SortIndex>
      <Name>Парфюмерия</Name>
      <ImageFile>101021151959.jpg</ImageFile>
      <ImageAlt></ImageAlt>
      <Description></Description>
      <FullDescription></FullDescription>
      <SeoHeader></SeoHeader>
      <SeoKeywords></SeoKeywords>
      <SeoDescription></SeoDescription>
      <Language>rus</Language>
    </group>
    <group>
      <Id>36</Id>
      <IdParent>35</IdParent>
      <IdShop>1</IdShop>
      <IsActive>Y</IsActive>
      <Code>36</Code>
      <SortIndex>0</SortIndex>
      <Name>Женская</Name>
      <ImageFile></ImageFile>
      <ImageAlt></ImageAlt>
      <Description></Description>
      <FullDescription></FullDescription>
      <SeoHeader></SeoHeader>
      <SeoKeywords></SeoKeywords>
      <SeoDescription></SeoDescription>
      <Language>rus</Language>
    </group>
    <group>
      <Id>37</Id>
      <IdParent>36</IdParent>
      <IdShop>1</IdShop>
      <IsActive>Y</IsActive>
      <Code>37</Code>
      <SortIndex>0</SortIndex>
      <Name>Angel Schlesser essential</Name>
      <ImageFile>imageview.jpg</ImageFile>
      <ImageAlt></ImageAlt>
      <Description>Цветочно-фруктовый аромат Angel Schlesser Essential от Angel Schlesser - это сочетание простоты и элегантности. Свежие и яркие фруктовые ноты гармонично сочетаются с чувственностью древесных оттенков. Сливаясь, они объединяются в уникальной формуле, сдержанно соблазнительной и искусно разоблачающей. Начальные ноты свежие и прозрачные с оттенками бергамота, красной смородины и фруктов. Раскрываясь, аромат дает иное, оригинальное толкование привычным и универсальным оттенкам болгарской розы и фиалки. Нежный пион и застенчивая фрезия составляют характерную часть композиции, утонченную и элегантную. Базовые ноты отличаются насыщенностью и глубиной, где сочетание сандалового дерева и ветивера дополнено густым ароматом мускуса.</Description>
      <FullDescription></FullDescription>
      <SeoHeader></SeoHeader>
      <SeoKeywords></SeoKeywords>
      <SeoDescription></SeoDescription>
      <Language>rus</Language>
    </group>
    <group>
      <Id>38</Id>
      <IdParent>3</IdParent>
      <IdShop>1</IdShop>
      <IsActive>Y</IsActive>
      <Code>biznes</Code>
      <SortIndex>1</SortIndex>
      <Name>Бизнес</Name>
      <ImageFile></ImageFile>
      <ImageAlt></ImageAlt>
      <Description></Description>
      <FullDescription></FullDescription>
      <SeoHeader></SeoHeader>
      <SeoKeywords></SeoKeywords>
      <SeoDescription></SeoDescription>
      <Language>rus</Language>
    </group>
    <group>
      <Id>39</Id>
      <IdParent>3</IdParent>
      <IdShop>1</IdShop>
      <IsActive>Y</IsActive>
      <Code>standart</Code>
      <SortIndex>2</SortIndex>
      <Name>Стандарт</Name>
      <ImageFile></ImageFile>
      <ImageAlt></ImageAlt>
      <Description></Description>
      <FullDescription></FullDescription>
      <SeoHeader></SeoHeader>
      <SeoKeywords></SeoKeywords>
      <SeoDescription></SeoDescription>
      <Language>rus</Language>
    </group>
    <group>
      <Id>40</Id>
      <IdParent>3</IdParent>
      <IdShop>1</IdShop>
      <IsActive>Y</IsActive>
      <Code>startplyus</Code>
      <SortIndex>3</SortIndex>
      <Name>Стартплюс</Name>
      <ImageFile></ImageFile>
      <ImageAlt></ImageAlt>
      <Description></Description>
      <FullDescription></FullDescription>
      <SeoHeader></SeoHeader>
      <SeoKeywords></SeoKeywords>
      <SeoDescription></SeoDescription>
      <Language>rus</Language>
    </group>
    <group>
      <Id>41</Id>
      <IdParent>5</IdParent>
      <IdShop>1</IdShop>
      <IsActive>Y</IsActive>
      <Code>32-1</Code>
      <SortIndex>0</SortIndex>
      <Name>32"</Name>
      <ImageFile></ImageFile>
      <ImageAlt></ImageAlt>
      <Description></Description>
      <FullDescription></FullDescription>
      <SeoHeader></SeoHeader>
      <SeoKeywords></SeoKeywords>
      <SeoDescription></SeoDescription>
      <Language>rus</Language>
    </group>
    <group>
      <Id>46</Id>
      <IdParent>35</IdParent>
      <IdShop>1</IdShop>
      <IsActive>Y</IsActive>
      <Code>detskaya</Code>
      <SortIndex>1</SortIndex>
      <Name>Детская</Name>
      <ImageFile></ImageFile>
      <ImageAlt></ImageAlt>
      <Description></Description>
      <FullDescription></FullDescription>
      <SeoHeader></SeoHeader>
      <SeoKeywords></SeoKeywords>
      <SeoDescription></SeoDescription>
      <Language>rus</Language>
    </group>
    <group>
      <Id>47</Id>
      <IdParent>35</IdParent>
      <IdShop>1</IdShop>
      <IsActive>Y</IsActive>
      <Code>muzhskaya</Code>
      <SortIndex>2</SortIndex>
      <Name>Мужская</Name>
      <ImageFile></ImageFile>
      <ImageAlt></ImageAlt>
      <Description></Description>
      <FullDescription></FullDescription>
      <SeoHeader></SeoHeader>
      <SeoKeywords></SeoKeywords>
      <SeoDescription></SeoDescription>
      <Language>rus</Language>
    </group>
    <group>
      <Id>48</Id>
      <IdParent>8</IdParent>
      <IdShop>1</IdShop>
      <IsActive>Y</IsActive>
      <Code>chasy</Code>
      <SortIndex>0</SortIndex>
      <Name>Часы</Name>
      <ImageFile></ImageFile>
      <ImageAlt></ImageAlt>
      <Description></Description>
      <FullDescription></FullDescription>
      <SeoHeader></SeoHeader>
      <SeoKeywords></SeoKeywords>
      <SeoDescription></SeoDescription>
      <Language>rus</Language>
    </group>
  </groups>
  <brands>
    <brand>
      <Id>1</Id>
      <Name>Little Pony</Name>
      <Code>Little-Pony</Code>
      <ImageFile>sloj-122.jpg</ImageFile>
      <Description></Description>
      <SeoHeader></SeoHeader>
      <SeoKeywords></SeoKeywords>
      <SeoDescription></SeoDescription>
      <Language>rus</Language>
    </brand>
    <brand>
      <Id>2</Id>
      <Name>Huggies</Name>
      <Code>Huggies</Code>
      <ImageFile>sloj-123.jpg</ImageFile>
      <Description></Description>
      <SeoHeader></SeoHeader>
      <SeoKeywords></SeoKeywords>
      <SeoDescription></SeoDescription>
      <Language>rus</Language>
    </brand>
    <brand>
      <Id>3</Id>
      <Name>Reima</Name>
      <Code>reima</Code>
      <ImageFile>sloj-124.jpg</ImageFile>
      <Description></Description>
      <SeoHeader></SeoHeader>
      <SeoKeywords></SeoKeywords>
      <SeoDescription></SeoDescription>
      <Language>rus</Language>
    </brand>
    <brand>
      <Id>4</Id>
      <Name>Peg-Perego</Name>
      <Code>peg-perego</Code>
      <ImageFile>sloj-125.jpg</ImageFile>
      <Description></Description>
      <SeoHeader></SeoHeader>
      <SeoKeywords></SeoKeywords>
      <SeoDescription></SeoDescription>
      <Language>rus</Language>
    </brand>
    <brand>
      <Id>5</Id>
      <Name>Lego</Name>
      <Code>lego</Code>
      <ImageFile>sloj-126.jpg</ImageFile>
      <Description></Description>
      <SeoHeader></SeoHeader>
      <SeoKeywords></SeoKeywords>
      <SeoDescription></SeoDescription>
      <Language>rus</Language>
    </brand>
    <brand>
      <Id>6</Id>
      <Name>ELC</Name>
      <Code>elc</Code>
      <ImageFile>sloj-127.jpg</ImageFile>
      <Description></Description>
      <SeoHeader></SeoHeader>
      <SeoKeywords></SeoKeywords>
      <SeoDescription></SeoDescription>
      <Language>rus</Language>
    </brand>
    <brand>
      <Id>7</Id>
      <Name>Tiny love</Name>
      <Code>tiny-love</Code>
      <ImageFile>sloj-128.jpg</ImageFile>
      <Description></Description>
      <SeoHeader></SeoHeader>
      <SeoKeywords></SeoKeywords>
      <SeoDescription></SeoDescription>
      <Language>rus</Language>
    </brand>
  </brands>
  <discounts/>
  <discounts-products/>
  <modifications/>
  <modificationsGroups>
    <modificationGroup>
      <Id>1</Id>
      <IdShop>0</IdShop>
      <Name>Цвет и размер</Name>
      <Type>0</Type>
      <SortIndex>1</SortIndex>
    </modificationGroup>
  </modificationsGroups>
  <features>
    <feature>
      <Id>1</Id>
      <IdFeatureGroup></IdFeatureGroup>
      <Name>Размеры</Name>
      <Type>list</Type>
      <ImageFile></ImageFile>
      <Measurement></Measurement>
      <Description></Description>
      <SortIndex>1</SortIndex>
      <IsSeo>1</IsSeo>
    </feature>
    <feature>
      <Id>2</Id>
      <IdFeatureGroup></IdFeatureGroup>
      <Name>Цветы</Name>
      <Type>colorlist</Type>
      <ImageFile></ImageFile>
      <Measurement></Measurement>
      <Description></Description>
      <SortIndex>2</SortIndex>
      <IsSeo>1</IsSeo>
    </feature>
  </features>
  <featuresGroups/>
  <featuresGroups-features>
    <featureGroup-feature>
      <Id>1</Id>
      <IdGroup>1</IdGroup>
      <IdFeature>1</IdFeature>
      <SortIndex>0</SortIndex>
    </featureGroup-feature>
    <featureGroup-feature>
      <Id>2</Id>
      <IdGroup>1</IdGroup>
      <IdFeature>2</IdFeature>
      <SortIndex>0</SortIndex>
    </featureGroup-feature>
  </featuresGroups-features>
  <modifications-features/>
  <features-valueList>
    <feature-valueList>
      <Id>1</Id>
      <IdFeature>2</IdFeature>
      <Value>Красный</Value>
      <Color>FF0000</Color>
      <SortIndex>1</SortIndex>
      <IsDefault>0</IsDefault>
      <ImageFile></ImageFile>
    </feature-valueList>
    <feature-valueList>
      <Id>2</Id>
      <IdFeature>2</IdFeature>
      <Value>Синий</Value>
      <Color>0055FF</Color>
      <SortIndex>2</SortIndex>
      <IsDefault>0</IsDefault>
      <ImageFile></ImageFile>
    </feature-valueList>
    <feature-valueList>
      <Id>3</Id>
      <IdFeature>2</IdFeature>
      <Value>Зеленый</Value>
      <Color>00AA00</Color>
      <SortIndex>3</SortIndex>
      <IsDefault>0</IsDefault>
      <ImageFile></ImageFile>
    </feature-valueList>
    <feature-valueList>
      <Id>4</Id>
      <IdFeature>1</IdFeature>
      <Value>L</Value>
      <Color></Color>
      <SortIndex>1</SortIndex>
      <IsDefault>0</IsDefault>
      <ImageFile></ImageFile>
    </feature-valueList>
    <feature-valueList>
      <Id>5</Id>
      <IdFeature>1</IdFeature>
      <Value>M</Value>
      <Color></Color>
      <SortIndex>2</SortIndex>
      <IsDefault>0</IsDefault>
      <ImageFile></ImageFile>
    </feature-valueList>
    <feature-valueList>
      <Id>6</Id>
      <IdFeature>1</IdFeature>
      <Value>XL</Value>
      <Color></Color>
      <SortIndex>3</SortIndex>
      <IsDefault>0</IsDefault>
      <ImageFile></ImageFile>
    </feature-valueList>
  </features-valueList>
  <modifications-images/>
</objects>
